customer_id,survey_date,company,channel,age_group,tenure_year,tenure_cat,nps_score,nps_segment
CID0001,2025-10-24,A社(自社),営業職員,50,1,1,5,批判者
CID0002,2025-01-05,C社,営業職員,60,1,1,6,批判者
CID0003,2025-03-21,C社,ネット,60,19,5,9,推奨者
CID0004,2025-10-01,B社,営業職員,30,5,2,2,批判者
CID0005,2025-06-26,A社(自社),営業職員,30,13,4,8,中立者
CID0006,2025-12-04,A社(自社),ネット,40,19,5,5,批判者
CID0007,2025-11-17,A社(自社),営業職員,40,12,4,4,批判者
CID0008,2025-12-05,C社,ネット,50,16,5,8,中立者
CID0009,2025-05-16,B社,営業職員,60,19,5,8,中立者
CID0010,2025-01-25,C社,営業職員,30,3,2,7,中立者
CID0011,2025-11-21,A社(自社),営業職員,20,12,4,8,中立者
CID0012,2025-07-02,C社,営業職員,40,5,2,8,中立者
CID0013,2025-06-17,C社,ネット,60,2,2,7,中立者
CID0014,2025-12-04,A社(自社),営業職員,30,7,3,6,批判者
CID0015,2025-06-27,A社(自社),営業職員,50,13,4,7,中立者
CID0016,2025-04-05,A社(自社),営業職員,40,15,4,8,中立者
CID0017,2025-02-02,A社(自社),営業職員,70,3,2,6,批判者
CID0018,2025-04-21,B社,ネット,70,20,5,7,中立者
CID0019,2025-05-26,B社,営業職員,40,5,2,5,批判者
CID0020,2025-08-19,A社(自社),ネット,40,8,3,3,批判者
CID0021,2025-09-29,B社,ネット,50,1,1,8,中立者
CID0022,2025-12-02,A社(自社),営業職員,40,8,3,3,批判者
CID0023,2025-02-07,A社(自社),ネット,60,18,5,7,中立者
CID0024,2025-05-15,A社(自社),営業職員,60,20,5,10,推奨者
CID0025,2025-11-30,B社,営業職員,60,16,5,6,批判者
CID0026,2025-08-23,C社,営業職員,60,18,5,9,推奨者
CID0027,2025-11-15,A社(自社),ネット,40,20,5,4,批判者
CID0028,2025-12-11,B社,ネット,30,12,4,10,推奨者
CID0029,2025-06-09,B社,営業職員,60,13,4,8,中立者
CID0030,2025-02-07,A社(自社),ネット,40,13,4,4,批判者
CID0031,2025-05-30,B社,営業職員,60,10,3,10,推奨者
CID0032,2025-11-04,A社(自社),営業職員,40,7,3,6,批判者
CID0033,2025-01-29,A社(自社),営業職員,30,14,4,5,批判者
CID0034,2025-05-24,C社,ネット,80,16,5,4,批判者
CID0035,2025-03-17,C社,ネット,30,15,4,6,批判者
CID0036,2025-05-25,C社,営業職員,80,12,4,6,批判者
CID0037,2025-08-17,A社(自社),営業職員,80,9,3,8,中立者
CID0038,2025-03-05,A社(自社),営業職員,60,8,3,8,中立者
CID0039,2025-12-13,B社,営業職員,60,18,5,7,中立者
CID0040,2025-12-11,B社,営業職員,50,18,5,6,批判者
CID0041,2025-09-26,A社(自社),ネット,70,13,4,4,批判者
CID0042,2025-11-24,B社,営業職員,40,18,5,6,批判者
CID0043,2025-07-03,A社(自社),営業職員,50,15,4,3,批判者
CID0044,2025-09-18,C社,営業職員,50,4,2,6,批判者
CID0045,2025-09-25,A社(自社),ネット,50,17,5,5,批判者
CID0046,2025-06-18,B社,ネット,50,5,2,7,中立者
CID0047,2025-09-16,A社(自社),営業職員,40,16,5,8,中立者
CID0048,2025-08-15,B社,ネット,50,9,3,6,批判者
CID0049,2025-02-02,B社,営業職員,70,10,3,8,中立者
CID0050,2025-08-02,A社(自社),営業職員,40,18,5,6,批判者
CID0051,2025-02-19,C社,営業職員,70,17,5,9,推奨者
CID0052,2025-07-29,C社,営業職員,60,18,5,6,批判者
CID0053,2025-01-29,C社,営業職員,60,7,3,5,批判者
CID0054,2025-02-08,C社,ネット,50,4,2,6,批判者
CID0055,2025-12-13,B社,ネット,60,5,2,6,批判者
CID0056,2025-04-10,C社,ネット,20,16,5,5,批判者
CID0057,2025-06-22,A社(自社),営業職員,60,3,2,6,批判者
CID0058,2025-01-17,A社(自社),営業職員,20,18,5,6,批判者
CID0059,2025-02-25,A社(自社),ネット,70,14,4,9,推奨者
CID0060,2025-08-14,A社(自社),営業職員,80,15,4,6,批判者
CID0061,2025-02-15,A社(自社),営業職員,40,17,5,7,中立者
CID0062,2025-03-08,A社(自社),営業職員,40,1,1,7,中立者
CID0063,2025-07-16,C社,ネット,60,17,5,7,中立者
CID0064,2025-05-22,A社(自社),営業職員,40,11,4,8,中立者
CID0065,2025-11-19,A社(自社),営業職員,70,17,5,8,中立者
CID0066,2025-01-23,B社,ネット,30,14,4,8,中立者
CID0067,2025-04-04,A社(自社),営業職員,30,20,5,7,中立者
CID0068,2025-08-30,C社,営業職員,80,19,5,7,中立者
CID0069,2025-08-25,A社(自社),営業職員,60,7,3,7,中立者
CID0070,2025-02-23,C社,営業職員,60,13,4,7,中立者
CID0071,2025-05-18,C社,ネット,40,18,5,6,批判者
CID0072,2025-11-29,A社(自社),営業職員,60,14,4,8,中立者
CID0073,2025-09-29,A社(自社),営業職員,50,1,1,5,批判者
CID0074,2025-02-10,C社,ネット,50,7,3,8,中立者
CID0075,2025-04-08,C社,ネット,60,8,3,1,批判者
CID0076,2025-07-02,C社,ネット,50,18,5,7,中立者
CID0077,2025-05-08,C社,営業職員,50,9,3,6,批判者
CID0078,2025-08-17,A社(自社),営業職員,40,1,1,3,批判者
CID0079,2025-11-13,A社(自社),ネット,60,17,5,7,中立者
CID0080,2025-03-27,A社(自社),ネット,40,19,5,7,中立者
CID0081,2025-09-13,C社,営業職員,60,6,3,7,中立者
CID0082,2025-07-28,B社,営業職員,40,3,2,1,批判者
CID0083,2025-08-03,A社(自社),営業職員,50,5,2,7,中立者
CID0084,2025-04-10,A社(自社),ネット,60,2,2,5,批判者
CID0085,2025-02-18,A社(自社),営業職員,40,20,5,8,中立者
CID0086,2025-07-20,A社(自社),営業職員,30,4,2,6,批判者
CID0087,2025-09-15,C社,営業職員,30,10,3,5,批判者
CID0088,2025-06-27,B社,ネット,50,10,3,9,推奨者
CID0089,2025-09-02,C社,ネット,60,11,4,6,批判者
CID0090,2025-05-03,B社,営業職員,20,16,5,3,批判者
CID0091,2025-12-08,A社(自社),ネット,60,17,5,8,中立者
CID0092,2025-06-20,C社,ネット,40,16,5,5,批判者
CID0093,2025-11-29,C社,営業職員,50,7,3,5,批判者
CID0094,2025-05-16,B社,営業職員,70,16,5,6,批判者
CID0095,2025-02-28,C社,営業職員,40,3,2,5,批判者
CID0096,2025-07-12,B社,ネット,50,16,5,8,中立者
CID0097,2025-09-25,B社,営業職員,20,8,3,7,中立者
CID0098,2025-09-17,B社,ネット,30,12,4,6,批判者
CID0099,2025-04-05,A社(自社),ネット,40,3,2,4,批判者
CID0100,2025-05-05,A社(自社),営業職員,20,17,5,6,批判者
CID0101,2025-02-10,A社(自社),ネット,50,18,5,9,推奨者
CID0102,2025-09-11,B社,営業職員,50,11,4,6,批判者
CID0103,2025-01-07,A社(自社),営業職員,50,4,2,7,中立者
CID0104,2025-08-04,B社,ネット,30,16,5,8,中立者
CID0105,2025-03-10,C社,ネット,40,17,5,6,批判者
CID0106,2025-03-10,A社(自社),営業職員,60,9,3,8,中立者
CID0107,2025-03-22,B社,ネット,80,6,3,7,中立者
CID0108,2025-01-30,C社,ネット,30,20,5,7,中立者
CID0109,2025-03-14,A社(自社),営業職員,70,2,2,10,推奨者
CID0110,2025-09-19,A社(自社),ネット,50,9,3,7,中立者
CID0111,2025-03-30,A社(自社),営業職員,50,6,3,8,中立者
CID0112,2025-07-27,A社(自社),営業職員,50,3,2,4,批判者
CID0113,2025-08-01,C社,営業職員,30,20,5,6,批判者
CID0114,2025-11-18,C社,ネット,30,6,3,5,批判者
CID0115,2025-09-23,B社,ネット,50,7,3,8,中立者
CID0116,2025-10-20,C社,営業職員,40,1,1,5,批判者
CID0117,2025-07-26,C社,営業職員,70,1,1,7,中立者
CID0118,2025-11-29,A社(自社),ネット,50,5,2,4,批判者
CID0119,2025-03-18,C社,営業職員,30,6,3,6,批判者
CID0120,2025-10-15,B社,ネット,60,13,4,9,推奨者
CID0121,2025-02-16,C社,ネット,40,2,2,3,批判者
CID0122,2025-04-20,C社,営業職員,50,15,4,10,推奨者
CID0123,2025-07-19,A社(自社),ネット,60,15,4,6,批判者
CID0124,2025-07-29,A社(自社),営業職員,70,13,4,5,批判者
CID0125,2025-06-03,A社(自社),ネット,60,14,4,7,中立者
CID0126,2025-01-10,B社,ネット,60,7,3,8,中立者
CID0127,2025-12-19,C社,ネット,60,14,4,6,批判者
CID0128,2025-06-06,C社,営業職員,70,10,3,8,中立者
CID0129,2025-09-18,A社(自社),ネット,40,17,5,8,中立者
CID0130,2025-03-18,B社,営業職員,20,14,4,7,中立者
CID0131,2025-09-14,B社,営業職員,40,8,3,7,中立者
CID0132,2025-05-11,A社(自社),営業職員,40,4,2,5,批判者
CID0133,2025-03-08,A社(自社),営業職員,60,16,5,10,推奨者
CID0134,2025-08-16,A社(自社),営業職員,50,13,4,4,批判者
CID0135,2025-06-12,C社,ネット,50,20,5,7,中立者
CID0136,2025-01-15,A社(自社),ネット,20,18,5,5,批判者
CID0137,2025-08-20,B社,営業職員,60,14,4,8,中立者
CID0138,2025-07-14,C社,ネット,40,18,5,5,批判者
CID0139,2025-12-15,A社(自社),営業職員,60,5,2,4,批判者
CID0140,2025-01-30,C社,ネット,50,9,3,6,批判者
CID0141,2025-12-25,C社,ネット,40,3,2,5,批判者
CID0142,2025-12-04,A社(自社),営業職員,30,8,3,8,中立者
CID0143,2025-11-27,B社,ネット,30,20,5,6,批判者
CID0144,2025-11-12,A社(自社),営業職員,60,10,3,10,推奨者
CID0145,2025-10-23,A社(自社),営業職員,70,19,5,10,推奨者
CID0146,2025-11-26,A社(自社),ネット,50,3,2,4,批判者
CID0147,2025-08-08,B社,営業職員,30,11,4,5,批判者
CID0148,2025-05-27,B社,営業職員,50,11,4,6,批判者
CID0149,2025-09-16,A社(自社),営業職員,60,17,5,9,推奨者
CID0150,2025-10-19,A社(自社),ネット,60,16,5,7,中立者
CID0151,2025-10-26,C社,営業職員,30,7,3,5,批判者
CID0152,2025-05-23,A社(自社),営業職員,20,4,2,7,中立者
CID0153,2025-08-23,A社(自社),ネット,60,19,5,5,批判者
CID0154,2025-04-25,B社,ネット,40,12,4,5,批判者
CID0155,2025-12-31,C社,営業職員,40,15,4,8,中立者
CID0156,2025-03-31,A社(自社),営業職員,20,11,4,3,批判者
CID0157,2025-07-27,B社,営業職員,50,5,2,5,批判者
CID0158,2025-06-13,C社,営業職員,70,5,2,10,推奨者
CID0159,2025-03-25,A社(自社),営業職員,80,15,4,8,中立者
CID0160,2025-03-18,C社,ネット,50,18,5,5,批判者
CID0161,2025-06-10,A社(自社),ネット,50,11,4,6,批判者
CID0162,2025-01-05,B社,ネット,30,12,4,8,中立者
CID0163,2025-03-19,B社,営業職員,50,2,2,6,批判者
CID0164,2025-04-01,B社,ネット,40,20,5,9,推奨者
CID0165,2025-03-28,A社(自社),営業職員,50,15,4,5,批判者
CID0166,2025-09-27,C社,ネット,40,20,5,9,推奨者
CID0167,2025-04-14,A社(自社),ネット,40,4,2,5,批判者
CID0168,2025-12-05,A社(自社),営業職員,30,18,5,8,中立者
CID0169,2025-06-24,A社(自社),ネット,40,6,3,5,批判者
CID0170,2025-02-23,B社,営業職員,30,19,5,8,中立者
CID0171,2025-07-30,B社,ネット,30,11,4,8,中立者
CID0172,2025-04-05,A社(自社),営業職員,80,2,2,8,中立者
CID0173,2025-08-11,B社,営業職員,50,8,3,5,批判者
CID0174,2025-01-09,A社(自社),ネット,50,11,4,5,批判者
CID0175,2025-02-22,B社,営業職員,70,5,2,6,批判者
CID0176,2025-03-18,A社(自社),ネット,80,18,5,6,批判者
CID0177,2025-07-25,B社,営業職員,50,18,5,5,批判者
CID0178,2025-11-12,A社(自社),ネット,60,14,4,6,批判者
CID0179,2025-10-29,C社,ネット,40,10,3,8,中立者
CID0180,2025-11-06,A社(自社),営業職員,40,3,2,4,批判者
CID0181,2025-11-26,A社(自社),営業職員,50,9,3,6,批判者
CID0182,2025-04-22,A社(自社),営業職員,60,3,2,7,中立者
CID0183,2025-12-17,C社,営業職員,60,11,4,4,批判者
CID0184,2025-06-14,C社,営業職員,40,12,4,4,批判者
CID0185,2025-10-06,A社(自社),ネット,30,12,4,6,批判者
CID0186,2025-01-27,B社,ネット,50,3,2,5,批判者
CID0187,2025-03-11,C社,ネット,30,7,3,8,中立者
CID0188,2025-08-06,B社,ネット,50,14,4,9,推奨者
CID0189,2025-12-31,B社,ネット,60,11,4,9,推奨者
CID0190,2025-07-08,A社(自社),ネット,60,7,3,9,推奨者
CID0191,2025-11-29,A社(自社),営業職員,60,10,3,8,中立者
CID0192,2025-11-02,C社,ネット,70,11,4,7,中立者
CID0193,2025-05-04,C社,ネット,50,15,4,6,批判者
CID0194,2025-01-19,B社,営業職員,60,19,5,10,推奨者
CID0195,2025-09-14,A社(自社),営業職員,50,16,5,9,推奨者
CID0196,2025-10-23,A社(自社),営業職員,30,20,5,7,中立者
CID0197,2025-01-22,C社,営業職員,20,12,4,7,中立者
CID0198,2025-02-09,C社,ネット,40,18,5,9,推奨者
CID0199,2025-02-07,C社,営業職員,50,13,4,6,批判者
CID0200,2025-02-17,C社,営業職員,50,5,2,4,批判者
CID0201,2025-07-02,B社,ネット,60,4,2,8,中立者
CID0202,2025-03-16,A社(自社),営業職員,30,14,4,7,中立者
CID0203,2025-07-28,A社(自社),営業職員,30,8,3,6,批判者
CID0204,2025-07-02,C社,営業職員,80,9,3,5,批判者
CID0205,2025-04-17,B社,ネット,30,19,5,5,批判者
CID0206,2025-07-07,A社(自社),ネット,50,3,2,5,批判者
CID0207,2025-09-21,A社(自社),営業職員,50,5,2,6,批判者
CID0208,2025-03-27,B社,ネット,50,18,5,8,中立者
CID0209,2025-11-20,A社(自社),営業職員,30,1,1,8,中立者
CID0210,2025-11-27,A社(自社),ネット,30,8,3,3,批判者
CID0211,2025-05-17,B社,ネット,30,19,5,6,批判者
CID0212,2025-12-12,B社,ネット,50,17,5,8,中立者
CID0213,2025-12-02,B社,営業職員,50,17,5,6,批判者
CID0214,2025-04-05,A社(自社),ネット,40,11,4,8,中立者
CID0215,2025-11-22,C社,ネット,50,2,2,5,批判者
CID0216,2025-09-02,A社(自社),営業職員,60,6,3,10,推奨者
CID0217,2025-03-31,A社(自社),ネット,20,14,4,8,中立者
CID0218,2025-02-28,C社,営業職員,50,3,2,5,批判者
CID0219,2025-01-28,B社,ネット,60,12,4,10,推奨者
CID0220,2025-03-13,C社,営業職員,40,4,2,3,批判者
CID0221,2025-09-27,B社,ネット,40,12,4,10,推奨者
CID0222,2025-01-24,B社,営業職員,50,13,4,8,中立者
CID0223,2025-04-22,A社(自社),営業職員,70,2,2,9,推奨者
CID0224,2025-10-27,A社(自社),営業職員,60,2,2,8,中立者
CID0225,2025-02-25,A社(自社),営業職員,50,15,4,2,批判者
CID0226,2025-08-11,A社(自社),営業職員,60,17,5,8,中立者
CID0227,2025-04-30,C社,営業職員,40,7,3,5,批判者
CID0228,2025-06-28,A社(自社),営業職員,50,14,4,5,批判者
CID0229,2025-10-15,C社,営業職員,50,12,4,7,中立者
CID0230,2025-10-08,B社,営業職員,30,17,5,6,批判者
CID0231,2025-07-08,C社,ネット,60,14,4,5,批判者
CID0232,2025-03-07,B社,営業職員,50,6,3,4,批判者
CID0233,2025-10-25,B社,ネット,40,19,5,7,中立者
CID0234,2025-09-06,B社,ネット,70,6,3,9,推奨者
CID0235,2025-03-17,A社(自社),ネット,20,18,5,4,批判者
CID0236,2025-05-17,C社,営業職員,40,5,2,4,批判者
CID0237,2025-06-13,A社(自社),ネット,30,6,3,4,批判者
CID0238,2025-08-21,A社(自社),営業職員,60,2,2,9,推奨者
CID0239,2025-09-12,B社,営業職員,60,8,3,7,中立者
CID0240,2025-10-21,A社(自社),営業職員,40,15,4,2,批判者
CID0241,2025-06-19,C社,ネット,60,15,4,8,中立者
CID0242,2025-11-13,C社,営業職員,40,11,4,9,推奨者
CID0243,2025-06-23,C社,営業職員,60,1,1,4,批判者
CID0244,2025-12-11,A社(自社),ネット,50,18,5,5,批判者
CID0245,2025-01-18,A社(自社),ネット,50,12,4,6,批判者
CID0246,2025-03-11,C社,営業職員,70,12,4,5,批判者
CID0247,2025-12-04,B社,営業職員,40,11,4,7,中立者
CID0248,2025-04-26,C社,ネット,30,8,3,3,批判者
CID0249,2025-03-21,C社,営業職員,50,7,3,4,批判者
CID0250,2025-01-15,C社,営業職員,80,2,2,8,中立者
CID0251,2025-06-25,A社(自社),営業職員,40,11,4,5,批判者
CID0252,2025-09-26,A社(自社),ネット,30,10,3,7,中立者
CID0253,2025-04-29,C社,ネット,40,3,2,6,批判者
CID0254,2025-10-26,A社(自社),ネット,50,20,5,4,批判者
CID0255,2025-07-07,A社(自社),ネット,30,10,3,6,批判者
CID0256,2025-02-26,B社,営業職員,60,18,5,6,批判者
CID0257,2025-07-18,C社,営業職員,80,14,4,6,批判者
CID0258,2025-01-17,B社,営業職員,50,18,5,7,中立者
CID0259,2025-10-15,B社,営業職員,40,8,3,7,中立者
CID0260,2025-02-24,A社(自社),営業職員,50,10,3,8,中立者
CID0261,2025-09-26,B社,ネット,30,13,4,10,推奨者
CID0262,2025-10-30,C社,ネット,70,8,3,7,中立者
CID0263,2025-03-28,A社(自社),ネット,50,4,2,3,批判者
CID0264,2025-11-14,B社,営業職員,40,4,2,4,批判者
CID0265,2025-01-29,C社,ネット,60,5,2,9,推奨者
CID0266,2025-01-22,C社,ネット,50,1,1,7,中立者
CID0267,2025-11-17,B社,営業職員,50,17,5,10,推奨者
CID0268,2025-10-12,C社,ネット,30,2,2,8,中立者
CID0269,2025-02-17,A社(自社),営業職員,60,8,3,8,中立者
CID0270,2025-01-05,A社(自社),営業職員,70,7,3,8,中立者
CID0271,2025-09-07,C社,営業職員,50,15,4,6,批判者
CID0272,2025-06-12,C社,営業職員,80,5,2,2,批判者
CID0273,2025-07-21,C社,営業職員,30,2,2,6,批判者
CID0274,2025-04-11,C社,ネット,50,7,3,8,中立者
CID0275,2025-03-12,B社,ネット,50,8,3,7,中立者
CID0276,2025-06-12,B社,ネット,50,7,3,8,中立者
CID0277,2025-06-22,C社,ネット,50,7,3,7,中立者
CID0278,2025-05-21,B社,営業職員,40,14,4,5,批判者
CID0279,2025-05-18,C社,ネット,30,18,5,6,批判者
CID0280,2025-03-07,C社,営業職員,40,6,3,4,批判者
CID0281,2025-07-17,C社,営業職員,30,4,2,4,批判者
CID0282,2025-11-24,A社(自社),営業職員,60,10,3,7,中立者
CID0283,2025-08-16,A社(自社),営業職員,40,18,5,5,批判者
CID0284,2025-10-08,A社(自社),営業職員,30,12,4,9,推奨者
CID0285,2025-06-21,B社,営業職員,50,16,5,5,批判者
CID0286,2025-11-12,A社(自社),営業職員,50,7,3,6,批判者
CID0287,2025-02-09,B社,ネット,70,6,3,7,中立者
CID0288,2025-01-07,B社,営業職員,50,5,2,7,中立者
CID0289,2025-06-23,A社(自社),営業職員,40,3,2,7,中立者
CID0290,2025-05-31,B社,営業職員,60,12,4,8,中立者
CID0291,2025-07-30,A社(自社),ネット,50,15,4,7,中立者
CID0292,2025-10-29,A社(自社),営業職員,30,10,3,6,批判者
CID0293,2025-03-27,C社,営業職員,50,20,5,5,批判者
CID0294,2025-09-10,A社(自社),営業職員,70,19,5,10,推奨者
CID0295,2025-01-21,A社(自社),営業職員,40,16,5,5,批判者
CID0296,2025-09-14,B社,営業職員,40,11,4,7,中立者
CID0297,2025-02-02,C社,営業職員,30,8,3,8,中立者
CID0298,2025-09-17,A社(自社),営業職員,30,3,2,4,批判者
CID0299,2025-08-22,B社,営業職員,50,7,3,8,中立者
CID0300,2025-01-03,A社(自社),営業職員,50,7,3,7,中立者
CID0301,2025-12-13,A社(自社),ネット,30,14,4,8,中立者
CID0302,2025-11-04,B社,営業職員,70,2,2,5,批判者
CID0303,2025-08-15,B社,営業職員,60,10,3,5,批判者
CID0304,2025-10-11,B社,営業職員,50,19,5,6,批判者
CID0305,2025-03-11,C社,ネット,60,9,3,6,批判者
CID0306,2025-11-09,C社,営業職員,30,16,5,7,中立者
CID0307,2025-12-30,B社,営業職員,50,19,5,6,批判者
CID0308,2025-09-11,A社(自社),ネット,50,18,5,4,批判者
CID0309,2025-05-24,C社,営業職員,60,9,3,7,中立者
CID0310,2025-01-24,A社(自社),営業職員,60,16,5,10,推奨者
CID0311,2025-08-22,B社,営業職員,40,13,4,7,中立者
CID0312,2025-11-29,A社(自社),ネット,70,10,3,7,中立者
CID0313,2025-06-24,A社(自社),営業職員,30,20,5,7,中立者
CID0314,2025-11-28,C社,ネット,70,14,4,7,中立者
CID0315,2025-11-21,C社,ネット,80,12,4,8,中立者
CID0316,2025-12-23,B社,営業職員,30,19,5,7,中立者
CID0317,2025-06-08,B社,営業職員,60,7,3,6,批判者
CID0318,2025-12-14,A社(自社),営業職員,20,15,4,5,批判者
CID0319,2025-12-14,A社(自社),営業職員,50,16,5,6,批判者
CID0320,2025-10-13,A社(自社),営業職員,50,8,3,6,批判者
CID0321,2025-01-18,B社,ネット,50,10,3,8,中立者
CID0322,2025-02-13,C社,ネット,70,4,2,5,批判者
CID0323,2025-06-04,B社,ネット,60,19,5,9,推奨者
CID0324,2025-12-21,A社(自社),営業職員,50,19,5,8,中立者
CID0325,2025-08-19,C社,ネット,60,15,4,8,中立者
CID0326,2025-11-12,C社,ネット,80,14,4,7,中立者
CID0327,2025-08-13,B社,ネット,20,1,1,6,批判者
CID0328,2025-08-05,B社,営業職員,80,16,5,6,批判者
CID0329,2025-02-25,B社,ネット,30,10,3,8,中立者
CID0330,2025-01-31,A社(自社),営業職員,60,19,5,6,批判者
CID0331,2025-12-23,A社(自社),営業職員,40,3,2,7,中立者
CID0332,2025-02-28,C社,営業職員,30,5,2,5,批判者
CID0333,2025-12-19,A社(自社),ネット,50,9,3,7,中立者
CID0334,2025-08-23,A社(自社),ネット,50,18,5,9,推奨者
CID0335,2025-04-17,A社(自社),営業職員,40,11,4,6,批判者
CID0336,2025-07-10,A社(自社),営業職員,30,16,5,7,中立者
CID0337,2025-01-18,C社,営業職員,50,2,2,6,批判者
CID0338,2025-08-14,C社,営業職員,70,12,4,6,批判者
CID0339,2025-06-16,B社,営業職員,40,6,3,5,批判者
CID0340,2025-03-12,A社(自社),営業職員,40,11,4,9,推奨者
CID0341,2025-12-28,B社,ネット,50,8,3,7,中立者
CID0342,2025-02-23,B社,営業職員,20,12,4,8,中立者
CID0343,2025-09-02,A社(自社),営業職員,60,2,2,5,批判者
CID0344,2025-12-16,B社,営業職員,60,9,3,8,中立者
CID0345,2025-03-17,A社(自社),ネット,50,15,4,8,中立者
CID0346,2025-02-04,B社,ネット,40,2,2,8,中立者
CID0347,2025-09-24,B社,ネット,60,1,1,7,中立者
CID0348,2025-11-13,A社(自社),営業職員,50,10,3,7,中立者
CID0349,2025-10-27,A社(自社),営業職員,60,2,2,10,推奨者
CID0350,2025-05-01,B社,営業職員,50,12,4,4,批判者
CID0351,2025-11-20,B社,ネット,60,8,3,9,推奨者
CID0352,2025-01-25,C社,ネット,50,5,2,4,批判者
CID0353,2025-06-09,B社,ネット,50,1,1,7,中立者
CID0354,2025-03-25,A社(自社),ネット,80,15,4,6,批判者
CID0355,2025-04-24,A社(自社),ネット,50,6,3,5,批判者
CID0356,2025-08-11,B社,営業職員,50,12,4,6,批判者
CID0357,2025-06-15,A社(自社),ネット,40,8,3,4,批判者
CID0358,2025-07-10,B社,営業職員,50,13,4,8,中立者
CID0359,2025-06-24,C社,営業職員,50,19,5,4,批判者
CID0360,2025-01-01,B社,営業職員,30,1,1,7,中立者
CID0361,2025-08-17,A社(自社),営業職員,30,11,4,6,批判者
CID0362,2025-03-27,B社,営業職員,50,20,5,5,批判者
CID0363,2025-03-03,B社,営業職員,60,1,1,6,批判者
CID0364,2025-11-16,B社,営業職員,50,8,3,4,批判者
CID0365,2025-07-25,C社,営業職員,40,5,2,5,批判者
CID0366,2025-04-15,A社(自社),営業職員,60,17,5,6,批判者
CID0367,2025-11-14,C社,営業職員,30,8,3,7,中立者
CID0368,2025-10-18,C社,営業職員,50,10,3,5,批判者
CID0369,2025-09-07,A社(自社),営業職員,30,2,2,5,批判者
CID0370,2025-01-13,A社(自社),ネット,30,9,3,5,批判者
CID0371,2025-06-12,A社(自社),ネット,40,3,2,4,批判者
CID0372,2025-02-12,A社(自社),ネット,40,18,5,6,批判者
CID0373,2025-04-21,A社(自社),ネット,30,7,3,2,批判者
CID0374,2025-07-24,B社,営業職員,40,15,4,7,中立者
CID0375,2025-09-13,A社(自社),ネット,50,20,5,9,推奨者
CID0376,2025-11-03,A社(自社),営業職員,50,18,5,10,推奨者
CID0377,2025-05-24,C社,営業職員,40,3,2,5,批判者
CID0378,2025-05-26,A社(自社),ネット,60,14,4,8,中立者
CID0379,2025-10-28,C社,営業職員,30,2,2,3,批判者
CID0380,2025-06-13,A社(自社),ネット,50,14,4,9,推奨者
CID0381,2025-06-18,A社(自社),ネット,30,11,4,6,批判者
CID0382,2025-10-25,B社,ネット,30,16,5,7,中立者
CID0383,2025-08-21,B社,ネット,50,8,3,9,推奨者
CID0384,2025-09-28,C社,営業職員,50,7,3,6,批判者
CID0385,2025-03-01,C社,営業職員,70,11,4,6,批判者
CID0386,2025-10-23,C社,営業職員,50,3,2,6,批判者
CID0387,2025-08-23,A社(自社),営業職員,80,17,5,7,中立者
CID0388,2025-06-14,A社(自社),ネット,20,14,4,7,中立者
CID0389,2025-07-13,C社,ネット,30,6,3,4,批判者
CID0390,2025-08-22,C社,ネット,20,8,3,4,批判者
CID0391,2025-07-02,C社,営業職員,30,5,2,4,批判者
CID0392,2025-11-29,B社,営業職員,50,8,3,7,中立者
CID0393,2025-08-20,A社(自社),営業職員,50,2,2,5,批判者
CID0394,2025-12-27,C社,営業職員,20,15,4,4,批判者
CID0395,2025-04-17,A社(自社),ネット,70,12,4,6,批判者
CID0396,2025-08-11,C社,営業職員,60,17,5,6,批判者
CID0397,2025-03-21,C社,営業職員,40,1,1,4,批判者
CID0398,2025-08-22,B社,営業職員,30,15,4,5,批判者
CID0399,2025-07-03,C社,ネット,30,14,4,10,推奨者
CID0400,2025-07-04,C社,ネット,30,20,5,5,批判者
CID0401,2025-05-14,A社(自社),営業職員,30,16,5,6,批判者
CID0402,2025-08-08,C社,営業職員,50,9,3,5,批判者
CID0403,2025-10-15,B社,営業職員,40,1,1,5,批判者
CID0404,2025-12-30,C社,営業職員,40,17,5,7,中立者
CID0405,2025-07-21,A社(自社),ネット,80,13,4,8,中立者
CID0406,2025-05-26,C社,ネット,60,5,2,5,批判者
CID0407,2025-11-20,A社(自社),営業職員,70,10,3,7,中立者
CID0408,2025-05-07,A社(自社),営業職員,30,6,3,8,中立者
CID0409,2025-05-15,C社,ネット,40,19,5,6,批判者
CID0410,2025-04-24,A社(自社),営業職員,50,13,4,9,推奨者
CID0411,2025-09-21,A社(自社),ネット,30,1,1,1,批判者
CID0412,2025-03-05,C社,営業職員,20,20,5,7,中立者
CID0413,2025-05-15,C社,営業職員,60,15,4,9,推奨者
CID0414,2025-02-10,B社,営業職員,50,14,4,6,批判者
CID0415,2025-10-23,B社,営業職員,50,8,3,6,批判者
CID0416,2025-01-03,B社,ネット,50,10,3,8,中立者
CID0417,2025-07-13,A社(自社),営業職員,50,9,3,5,批判者
CID0418,2025-04-20,A社(自社),営業職員,20,17,5,6,批判者
CID0419,2025-08-09,B社,営業職員,40,9,3,5,批判者
CID0420,2025-01-04,C社,営業職員,30,3,2,4,批判者
CID0421,2025-09-01,C社,営業職員,30,11,4,8,中立者
CID0422,2025-06-15,C社,営業職員,80,12,4,7,中立者
CID0423,2025-01-26,A社(自社),ネット,50,10,3,7,中立者
CID0424,2025-01-17,B社,営業職員,60,17,5,8,中立者
CID0425,2025-08-04,A社(自社),営業職員,40,17,5,6,批判者
CID0426,2025-04-02,B社,ネット,40,11,4,7,中立者
CID0427,2025-01-31,B社,営業職員,40,4,2,4,批判者
CID0428,2025-07-24,C社,ネット,30,7,3,6,批判者
CID0429,2025-07-26,A社(自社),営業職員,30,14,4,5,批判者
CID0430,2025-04-17,A社(自社),ネット,60,7,3,5,批判者
CID0431,2025-05-26,A社(自社),ネット,60,8,3,5,批判者
CID0432,2025-04-11,C社,ネット,50,1,1,9,推奨者
CID0433,2025-11-14,B社,ネット,50,4,2,2,批判者
CID0434,2025-08-29,A社(自社),営業職員,70,12,4,8,中立者
CID0435,2025-09-04,A社(自社),ネット,30,3,2,6,批判者
CID0436,2025-06-12,C社,営業職員,40,13,4,7,中立者
CID0437,2025-06-22,A社(自社),営業職員,40,20,5,8,中立者
CID0438,2025-02-04,C社,営業職員,60,6,3,6,批判者
CID0439,2025-10-11,C社,営業職員,80,11,4,5,批判者
CID0440,2025-12-25,A社(自社),営業職員,40,4,2,2,批判者
CID0441,2025-12-24,A社(自社),営業職員,70,20,5,9,推奨者
CID0442,2025-01-21,C社,営業職員,60,16,5,5,批判者
CID0443,2025-11-04,A社(自社),ネット,40,7,3,5,批判者
CID0444,2025-06-12,A社(自社),ネット,40,11,4,6,批判者
CID0445,2025-04-07,C社,営業職員,50,1,1,9,推奨者
CID0446,2025-11-03,C社,営業職員,80,7,3,10,推奨者
CID0447,2025-12-05,C社,営業職員,30,12,4,7,中立者
CID0448,2025-02-24,C社,営業職員,60,7,3,5,批判者
CID0449,2025-11-29,A社(自社),営業職員,40,7,3,4,批判者
CID0450,2025-05-07,A社(自社),営業職員,60,10,3,9,推奨者
CID0451,2025-07-12,C社,営業職員,50,16,5,9,推奨者
CID0452,2025-08-31,B社,ネット,50,8,3,7,中立者
CID0453,2025-12-15,B社,営業職員,60,9,3,2,批判者
CID0454,2025-03-29,C社,営業職員,60,9,3,7,中立者
CID0455,2025-12-02,A社(自社),営業職員,70,2,2,9,推奨者
CID0456,2025-08-03,B社,営業職員,30,13,4,4,批判者
CID0457,2025-04-02,A社(自社),営業職員,60,13,4,9,推奨者
CID0458,2025-10-30,B社,ネット,30,4,2,7,中立者
CID0459,2025-08-23,A社(自社),営業職員,50,12,4,6,批判者
CID0460,2025-07-03,A社(自社),営業職員,50,17,5,5,批判者
CID0461,2025-02-07,A社(自社),ネット,50,2,2,8,中立者
CID0462,2025-05-19,B社,ネット,50,13,4,7,中立者
CID0463,2025-07-14,C社,ネット,80,18,5,4,批判者
CID0464,2025-01-15,B社,営業職員,30,15,4,3,批判者
CID0465,2025-09-14,C社,ネット,60,8,3,8,中立者
CID0466,2025-05-15,A社(自社),営業職員,40,15,4,7,中立者
CID0467,2025-01-01,A社(自社),営業職員,30,1,1,6,批判者
CID0468,2025-02-18,C社,営業職員,30,20,5,6,批判者
CID0469,2025-04-06,A社(自社),営業職員,70,10,3,8,中立者
CID0470,2025-07-20,C社,営業職員,70,12,4,5,批判者
CID0471,2025-01-26,A社(自社),営業職員,70,5,2,6,批判者
CID0472,2025-12-09,C社,ネット,80,9,3,3,批判者
CID0473,2025-08-23,A社(自社),ネット,40,8,3,5,批判者
CID0474,2025-12-15,C社,ネット,40,16,5,6,批判者
CID0475,2025-09-01,B社,営業職員,60,14,4,7,中立者
CID0476,2025-12-24,C社,ネット,50,13,4,6,批判者
CID0477,2025-11-23,A社(自社),営業職員,50,13,4,8,中立者
CID0478,2025-12-17,B社,ネット,40,5,2,9,推奨者
CID0479,2025-02-20,C社,営業職員,50,16,5,8,中立者
CID0480,2025-03-22,B社,ネット,50,11,4,9,推奨者
CID0481,2025-02-05,B社,営業職員,30,5,2,5,批判者
CID0482,2025-03-08,B社,ネット,50,13,4,7,中立者
CID0483,2025-05-09,B社,ネット,50,11,4,9,推奨者
CID0484,2025-06-04,B社,営業職員,50,19,5,9,推奨者
CID0485,2025-09-02,B社,営業職員,40,3,2,6,批判者
CID0486,2025-04-21,C社,ネット,60,15,4,9,推奨者
CID0487,2025-06-17,A社(自社),営業職員,20,7,3,4,批判者
CID0488,2025-05-22,A社(自社),ネット,40,7,3,4,批判者
CID0489,2025-12-22,C社,営業職員,60,6,3,7,中立者
CID0490,2025-07-16,C社,営業職員,50,3,2,5,批判者
CID0491,2025-04-19,B社,営業職員,40,13,4,8,中立者
CID0492,2025-03-20,B社,営業職員,60,7,3,6,批判者
CID0493,2025-06-10,A社(自社),ネット,50,5,2,4,批判者
CID0494,2025-01-19,A社(自社),営業職員,60,18,5,8,中立者
CID0495,2025-05-07,B社,営業職員,60,8,3,4,批判者
CID0496,2025-07-24,A社(自社),営業職員,50,17,5,5,批判者
CID0497,2025-01-29,B社,営業職員,50,20,5,8,中立者
CID0498,2025-07-26,A社(自社),ネット,30,1,1,6,批判者
CID0499,2025-10-07,C社,ネット,40,14,4,7,中立者
CID0500,2025-05-31,C社,営業職員,50,17,5,4,批判者
CID0501,2025-08-28,B社,ネット,50,10,3,7,中立者
CID0502,2025-09-23,B社,ネット,50,12,4,6,批判者
CID0503,2025-07-01,A社(自社),営業職員,40,16,5,8,中立者
CID0504,2025-04-15,C社,ネット,20,14,4,6,批判者
CID0505,2025-08-24,B社,営業職員,50,16,5,5,批判者
CID0506,2025-06-22,A社(自社),営業職員,40,8,3,6,批判者
CID0507,2025-06-07,C社,ネット,60,10,3,6,批判者
CID0508,2025-06-21,C社,営業職員,20,17,5,9,推奨者
CID0509,2025-11-07,C社,ネット,50,18,5,5,批判者
CID0510,2025-06-06,C社,ネット,70,20,5,4,批判者
CID0511,2025-09-15,B社,営業職員,30,16,5,3,批判者
CID0512,2025-06-13,B社,ネット,50,17,5,8,中立者
CID0513,2025-05-27,C社,営業職員,30,16,5,6,批判者
CID0514,2025-06-03,C社,営業職員,50,19,5,4,批判者
CID0515,2025-02-07,A社(自社),ネット,50,8,3,8,中立者
CID0516,2025-05-11,A社(自社),ネット,50,6,3,7,中立者
CID0517,2025-12-24,A社(自社),営業職員,50,6,3,6,批判者
CID0518,2025-09-12,C社,営業職員,70,9,3,8,中立者
CID0519,2025-07-27,C社,ネット,30,4,2,6,批判者
CID0520,2025-04-05,A社(自社),ネット,20,12,4,4,批判者
CID0521,2025-12-14,B社,ネット,70,12,4,6,批判者
CID0522,2025-11-23,A社(自社),営業職員,50,17,5,8,中立者
CID0523,2025-06-20,C社,営業職員,70,15,4,7,中立者
CID0524,2025-09-07,C社,営業職員,50,9,3,6,批判者
CID0525,2025-07-09,C社,ネット,60,7,3,5,批判者
CID0526,2025-07-18,B社,営業職員,50,10,3,7,中立者
CID0527,2025-08-09,B社,営業職員,60,16,5,5,批判者
CID0528,2025-01-24,A社(自社),ネット,70,12,4,6,批判者
CID0529,2025-09-01,A社(自社),営業職員,50,7,3,8,中立者
CID0530,2025-11-20,C社,ネット,30,18,5,6,批判者
CID0531,2025-05-08,C社,ネット,40,15,4,4,批判者
CID0532,2025-04-03,C社,ネット,30,6,3,4,批判者
CID0533,2025-10-27,C社,営業職員,40,12,4,8,中立者
CID0534,2025-05-13,B社,営業職員,40,11,4,7,中立者
CID0535,2025-02-24,C社,ネット,50,20,5,6,批判者
CID0536,2025-06-07,C社,ネット,50,3,2,4,批判者
CID0537,2025-01-29,C社,ネット,50,2,2,7,中立者
CID0538,2025-07-30,A社(自社),営業職員,50,6,3,5,批判者
CID0539,2025-06-03,B社,ネット,30,5,2,7,中立者
CID0540,2025-10-20,A社(自社),ネット,30,18,5,4,批判者
CID0541,2025-08-10,C社,ネット,30,16,5,5,批判者
CID0542,2025-04-25,B社,ネット,50,8,3,7,中立者
CID0543,2025-06-07,A社(自社),ネット,40,20,5,6,批判者
CID0544,2025-09-16,B社,ネット,40,11,4,8,中立者
CID0545,2025-09-08,B社,営業職員,50,10,3,7,中立者
CID0546,2025-05-02,A社(自社),営業職員,60,12,4,3,批判者
CID0547,2025-10-26,A社(自社),営業職員,20,6,3,5,批判者
CID0548,2025-09-20,B社,営業職員,50,20,5,6,批判者
CID0549,2025-02-18,B社,営業職員,60,5,2,7,中立者
CID0550,2025-11-25,C社,営業職員,60,9,3,4,批判者
CID0551,2025-10-24,B社,営業職員,70,16,5,7,中立者
CID0552,2025-12-28,C社,営業職員,20,14,4,9,推奨者
CID0553,2025-03-18,B社,ネット,30,8,3,6,批判者
CID0554,2025-05-07,B社,ネット,70,20,5,9,推奨者
CID0555,2025-07-16,C社,営業職員,50,19,5,5,批判者
CID0556,2025-08-09,B社,ネット,50,14,4,7,中立者
CID0557,2025-04-01,A社(自社),営業職員,60,7,3,7,中立者
CID0558,2025-01-08,A社(自社),営業職員,60,5,2,6,批判者
CID0559,2025-02-01,C社,営業職員,70,18,5,10,推奨者
CID0560,2025-11-16,B社,営業職員,80,2,2,7,中立者
CID0561,2025-09-26,C社,ネット,60,11,4,8,中立者
CID0562,2025-07-10,A社(自社),ネット,40,8,3,7,中立者
CID0563,2025-12-15,A社(自社),営業職員,70,1,1,6,批判者
CID0564,2025-06-12,A社(自社),営業職員,20,12,4,7,中立者
CID0565,2025-03-02,A社(自社),営業職員,40,2,2,8,中立者
CID0566,2025-09-21,B社,営業職員,70,18,5,5,批判者
CID0567,2025-10-12,A社(自社),営業職員,40,7,3,7,中立者
CID0568,2025-04-05,B社,営業職員,40,17,5,8,中立者
CID0569,2025-02-10,C社,ネット,30,14,4,9,推奨者
CID0570,2025-05-29,A社(自社),ネット,70,7,3,5,批判者
CID0571,2025-07-23,B社,営業職員,50,3,2,3,批判者
CID0572,2025-09-24,C社,ネット,60,6,3,5,批判者
CID0573,2025-01-02,A社(自社),営業職員,40,20,5,9,推奨者
CID0574,2025-06-27,B社,営業職員,60,2,2,3,批判者
CID0575,2025-07-13,C社,営業職員,60,17,5,3,批判者
CID0576,2025-12-02,C社,ネット,40,12,4,7,中立者
CID0577,2025-07-15,A社(自社),ネット,50,12,4,6,批判者
CID0578,2025-12-09,C社,ネット,40,17,5,7,中立者
CID0579,2025-09-06,B社,営業職員,80,10,3,8,中立者
CID0580,2025-07-31,A社(自社),ネット,50,3,2,4,批判者
CID0581,2025-06-02,B社,営業職員,70,20,5,4,批判者
CID0582,2025-06-07,C社,ネット,40,18,5,10,推奨者
CID0583,2025-12-28,B社,営業職員,60,13,4,5,批判者
CID0584,2025-05-19,A社(自社),営業職員,60,12,4,7,中立者
CID0585,2025-08-09,B社,営業職員,60,17,5,8,中立者
CID0586,2025-09-30,A社(自社),ネット,80,4,2,4,批判者
CID0587,2025-06-03,A社(自社),営業職員,40,10,3,6,批判者
CID0588,2025-09-06,A社(自社),ネット,30,11,4,6,批判者
CID0589,2025-10-06,A社(自社),営業職員,60,6,3,10,推奨者
CID0590,2025-10-31,A社(自社),ネット,60,6,3,5,批判者
CID0591,2025-10-03,A社(自社),ネット,50,9,3,8,中立者
CID0592,2025-01-02,B社,ネット,40,15,4,5,批判者
CID0593,2025-03-29,A社(自社),営業職員,50,2,2,7,中立者
CID0594,2025-10-14,A社(自社),営業職員,40,4,2,4,批判者
CID0595,2025-05-10,C社,営業職員,50,5,2,7,中立者
CID0596,2025-03-19,B社,ネット,50,17,5,8,中立者
CID0597,2025-09-17,B社,営業職員,60,8,3,5,批判者
CID0598,2025-08-29,A社(自社),営業職員,40,8,3,7,中立者
CID0599,2025-05-21,A社(自社),営業職員,50,12,4,8,中立者
CID0600,2025-08-16,A社(自社),営業職員,40,8,3,7,中立者
CID0601,2025-06-12,A社(自社),ネット,30,19,5,3,批判者
CID0602,2025-08-24,A社(自社),営業職員,60,3,2,6,批判者
CID0603,2025-05-08,A社(自社),ネット,70,18,5,6,批判者
CID0604,2025-07-19,A社(自社),営業職員,40,19,5,6,批判者
CID0605,2025-01-31,A社(自社),営業職員,60,19,5,10,推奨者
CID0606,2025-05-18,B社,営業職員,70,15,4,3,批判者
CID0607,2025-01-21,A社(自社),営業職員,60,6,3,9,推奨者
CID0608,2025-08-22,A社(自社),営業職員,30,16,5,6,批判者
CID0609,2025-07-21,B社,ネット,80,8,3,6,批判者
CID0610,2025-10-06,B社,営業職員,40,16,5,5,批判者
CID0611,2025-05-11,A社(自社),ネット,40,18,5,6,批判者
CID0612,2025-05-28,C社,営業職員,30,20,5,1,批判者
CID0613,2025-01-29,B社,営業職員,50,16,5,5,批判者
CID0614,2025-12-27,A社(自社),ネット,30,11,4,4,批判者
CID0615,2025-11-04,C社,営業職員,40,7,3,7,中立者
CID0616,2025-06-11,C社,営業職員,40,17,5,5,批判者
CID0617,2025-12-23,A社(自社),営業職員,60,17,5,8,中立者
CID0618,2025-12-06,A社(自社),営業職員,70,12,4,10,推奨者
CID0619,2025-03-02,C社,ネット,40,13,4,8,中立者
CID0620,2025-05-05,C社,営業職員,70,10,3,8,中立者
CID0621,2025-03-12,A社(自社),ネット,70,7,3,5,批判者
CID0622,2025-11-22,A社(自社),ネット,60,14,4,7,中立者
CID0623,2025-12-30,A社(自社),営業職員,30,1,1,6,批判者
CID0624,2025-08-31,B社,ネット,60,17,5,8,中立者
CID0625,2025-09-06,B社,営業職員,70,4,2,6,批判者
CID0626,2025-08-09,A社(自社),ネット,60,5,2,4,批判者
CID0627,2025-01-21,B社,営業職員,40,20,5,9,推奨者
CID0628,2025-03-23,C社,ネット,50,7,3,6,批判者
CID0629,2025-12-10,A社(自社),営業職員,50,10,3,7,中立者
CID0630,2025-01-10,A社(自社),営業職員,50,17,5,9,推奨者
CID0631,2025-01-12,C社,ネット,30,7,3,8,中立者
CID0632,2025-09-20,C社,ネット,40,1,1,4,批判者
CID0633,2025-05-25,B社,営業職員,60,7,3,7,中立者
CID0634,2025-07-11,B社,営業職員,70,11,4,8,中立者
CID0635,2025-09-07,A社(自社),ネット,30,9,3,6,批判者
CID0636,2025-04-24,B社,ネット,80,12,4,6,批判者
CID0637,2025-01-26,B社,ネット,40,3,2,6,批判者
CID0638,2025-09-28,A社(自社),ネット,60,4,2,6,批判者
CID0639,2025-02-02,A社(自社),ネット,60,4,2,4,批判者
CID0640,2025-03-03,A社(自社),ネット,60,13,4,6,批判者
CID0641,2025-08-17,A社(自社),営業職員,70,19,5,10,推奨者
CID0642,2025-10-30,A社(自社),営業職員,40,10,3,6,批判者
CID0643,2025-04-05,A社(自社),ネット,70,5,2,4,批判者
CID0644,2025-02-04,A社(自社),ネット,30,7,3,3,批判者
CID0645,2025-07-12,A社(自社),営業職員,60,16,5,9,推奨者
CID0646,2025-03-17,C社,営業職員,60,1,1,4,批判者
CID0647,2025-09-06,B社,ネット,60,12,4,8,中立者
CID0648,2025-03-24,B社,営業職員,40,2,2,6,批判者
CID0649,2025-01-25,C社,営業職員,70,7,3,8,中立者
CID0650,2025-02-26,B社,営業職員,30,11,4,8,中立者
CID0651,2025-02-01,A社(自社),営業職員,30,13,4,5,批判者
CID0652,2025-11-15,B社,営業職員,60,2,2,8,中立者
CID0653,2025-01-12,B社,営業職員,50,7,3,6,批判者
CID0654,2025-11-15,C社,営業職員,60,15,4,5,批判者
CID0655,2025-11-29,B社,ネット,40,11,4,8,中立者
CID0656,2025-04-02,A社(自社),営業職員,30,2,2,8,中立者
CID0657,2025-01-01,A社(自社),ネット,60,7,3,6,批判者
CID0658,2025-11-22,A社(自社),ネット,50,4,2,5,批判者
CID0659,2025-05-16,B社,営業職員,30,11,4,9,推奨者
CID0660,2025-07-15,B社,ネット,60,2,2,5,批判者
CID0661,2025-05-13,A社(自社),営業職員,50,16,5,5,批判者
CID0662,2025-03-27,C社,ネット,50,7,3,4,批判者
CID0663,2025-10-22,B社,営業職員,50,13,4,7,中立者
CID0664,2025-10-06,A社(自社),ネット,60,5,2,5,批判者
CID0665,2025-11-20,A社(自社),ネット,60,17,5,9,推奨者
CID0666,2025-06-29,A社(自社),営業職員,60,12,4,9,推奨者
CID0667,2025-01-04,A社(自社),営業職員,30,19,5,6,批判者
CID0668,2025-05-06,A社(自社),ネット,60,7,3,6,批判者
CID0669,2025-06-24,A社(自社),ネット,60,6,3,6,批判者
CID0670,2025-09-08,A社(自社),営業職員,60,8,3,5,批判者
CID0671,2025-01-21,A社(自社),ネット,40,13,4,10,推奨者
CID0672,2025-04-15,C社,営業職員,70,5,2,6,批判者
CID0673,2025-03-07,A社(自社),ネット,60,2,2,6,批判者
CID0674,2025-09-20,B社,営業職員,30,9,3,7,中立者
CID0675,2025-02-18,B社,ネット,50,11,4,9,推奨者
CID0676,2025-01-16,C社,営業職員,70,6,3,6,批判者
CID0677,2025-05-25,A社(自社),営業職員,20,7,3,5,批判者
CID0678,2025-12-06,A社(自社),営業職員,80,7,3,9,推奨者
CID0679,2025-09-07,C社,営業職員,60,19,5,7,中立者
CID0680,2025-12-09,C社,営業職員,50,6,3,5,批判者
CID0681,2025-12-20,C社,営業職員,40,11,4,9,推奨者
CID0682,2025-03-16,A社(自社),ネット,40,11,4,7,中立者
CID0683,2025-10-17,A社(自社),営業職員,70,7,3,9,推奨者
CID0684,2025-10-09,B社,営業職員,40,2,2,8,中立者
CID0685,2025-03-07,C社,営業職員,60,19,5,7,中立者
CID0686,2025-05-05,B社,営業職員,40,4,2,5,批判者
CID0687,2025-11-15,B社,営業職員,30,6,3,7,中立者
CID0688,2025-03-28,A社(自社),営業職員,20,17,5,5,批判者
CID0689,2025-02-10,C社,営業職員,50,5,2,5,批判者
CID0690,2025-07-05,A社(自社),営業職員,80,7,3,8,中立者
CID0691,2025-12-20,A社(自社),営業職員,40,9,3,5,批判者
CID0692,2025-12-01,B社,営業職員,40,1,1,9,推奨者
CID0693,2025-09-23,B社,営業職員,40,1,1,4,批判者
CID0694,2025-09-28,A社(自社),営業職員,50,19,5,5,批判者
CID0695,2025-02-11,A社(自社),ネット,50,6,3,8,中立者
CID0696,2025-04-03,B社,営業職員,70,18,5,8,中立者
CID0697,2025-07-04,A社(自社),ネット,50,10,3,5,批判者
CID0698,2025-08-03,B社,営業職員,50,11,4,7,中立者
CID0699,2025-01-17,A社(自社),ネット,30,1,1,7,中立者
CID0700,2025-09-22,B社,ネット,80,1,1,7,中立者
CID0701,2025-04-24,B社,営業職員,40,13,4,10,推奨者
CID0702,2025-10-19,A社(自社),ネット,30,5,2,1,批判者
CID0703,2025-10-19,A社(自社),営業職員,60,20,5,10,推奨者
CID0704,2025-02-17,A社(自社),営業職員,50,1,1,8,中立者
CID0705,2025-11-03,A社(自社),ネット,50,20,5,8,中立者
CID0706,2025-04-07,C社,ネット,50,3,2,5,批判者
CID0707,2025-04-05,A社(自社),営業職員,60,18,5,8,中立者
CID0708,2025-11-22,C社,営業職員,30,9,3,7,中立者
CID0709,2025-03-15,A社(自社),営業職員,60,14,4,10,推奨者
CID0710,2025-12-02,B社,営業職員,50,17,5,7,中立者
CID0711,2025-03-09,C社,ネット,50,14,4,8,中立者
CID0712,2025-09-03,B社,営業職員,50,4,2,3,批判者
CID0713,2025-03-18,B社,営業職員,40,5,2,5,批判者
CID0714,2025-07-27,B社,営業職員,60,17,5,5,批判者
CID0715,2025-09-11,A社(自社),営業職員,50,2,2,5,批判者
CID0716,2025-08-09,C社,営業職員,40,5,2,7,中立者
CID0717,2025-09-19,C社,ネット,50,4,2,5,批判者
CID0718,2025-11-27,C社,ネット,80,4,2,9,推奨者
CID0719,2025-12-10,A社(自社),ネット,50,6,3,6,批判者
CID0720,2025-09-16,C社,営業職員,70,20,5,7,中立者
CID0721,2025-11-04,C社,ネット,40,13,4,7,中立者
CID0722,2025-03-15,A社(自社),ネット,30,5,2,3,批判者
CID0723,2025-05-05,A社(自社),ネット,40,7,3,6,批判者
CID0724,2025-07-07,C社,営業職員,50,20,5,8,中立者
CID0725,2025-09-11,B社,営業職員,40,1,1,6,批判者
CID0726,2025-11-17,C社,営業職員,20,14,4,5,批判者
CID0727,2025-11-04,A社(自社),営業職員,70,4,2,6,批判者
CID0728,2025-08-23,C社,営業職員,60,17,5,6,批判者
CID0729,2025-09-07,A社(自社),営業職員,60,14,4,9,推奨者
CID0730,2025-11-28,A社(自社),営業職員,30,16,5,8,中立者
CID0731,2025-12-11,A社(自社),ネット,30,14,4,3,批判者
CID0732,2025-03-13,C社,営業職員,30,16,5,6,批判者
CID0733,2025-08-23,B社,営業職員,60,20,5,7,中立者
CID0734,2025-11-20,B社,ネット,70,8,3,5,批判者
CID0735,2025-06-05,A社(自社),ネット,50,3,2,4,批判者
CID0736,2025-04-25,C社,ネット,30,19,5,5,批判者
CID0737,2025-11-09,A社(自社),ネット,50,1,1,5,批判者
CID0738,2025-08-16,C社,営業職員,40,2,2,6,批判者
CID0739,2025-11-18,B社,ネット,40,15,4,8,中立者
CID0740,2025-12-12,A社(自社),営業職員,50,10,3,6,批判者
CID0741,2025-09-02,B社,営業職員,60,18,5,7,中立者
CID0742,2025-11-02,A社(自社),営業職員,30,14,4,9,推奨者
CID0743,2025-01-14,C社,営業職員,20,17,5,9,推奨者
CID0744,2025-01-16,B社,営業職員,80,13,4,4,批判者
CID0745,2025-02-11,A社(自社),ネット,40,1,1,7,中立者
CID0746,2025-04-20,C社,ネット,30,5,2,5,批判者
CID0747,2025-10-05,A社(自社),営業職員,30,13,4,7,中立者
CID0748,2025-11-20,B社,営業職員,20,14,4,6,批判者
CID0749,2025-01-19,C社,ネット,40,3,2,5,批判者
CID0750,2025-03-07,B社,ネット,60,15,4,8,中立者
CID0751,2025-06-16,A社(自社),営業職員,40,19,5,6,批判者
CID0752,2025-03-14,C社,ネット,50,17,5,5,批判者
CID0753,2025-11-06,B社,営業職員,60,3,2,4,批判者
CID0754,2025-04-22,A社(自社),営業職員,50,16,5,7,中立者
CID0755,2025-10-01,A社(自社),ネット,70,14,4,7,中立者
CID0756,2025-03-26,C社,営業職員,70,12,4,8,中立者
CID0757,2025-05-19,B社,営業職員,20,12,4,6,批判者
CID0758,2025-02-08,B社,ネット,60,11,4,8,中立者
CID0759,2025-04-15,C社,ネット,50,17,5,8,中立者
CID0760,2025-11-20,C社,営業職員,80,8,3,8,中立者
CID0761,2025-10-08,A社(自社),営業職員,50,17,5,6,批判者
CID0762,2025-05-03,A社(自社),営業職員,80,20,5,8,中立者
CID0763,2025-08-06,A社(自社),ネット,60,11,4,7,中立者
CID0764,2025-03-02,C社,営業職員,40,2,2,4,批判者
CID0765,2025-04-10,A社(自社),営業職員,50,10,3,6,批判者
CID0766,2025-11-03,B社,ネット,80,10,3,9,推奨者
CID0767,2025-12-20,C社,営業職員,70,11,4,7,中立者
CID0768,2025-07-23,C社,営業職員,30,6,3,6,批判者
CID0769,2025-09-15,A社(自社),営業職員,60,4,2,7,中立者
CID0770,2025-01-05,C社,ネット,40,12,4,5,批判者
CID0771,2025-07-16,A社(自社),営業職員,20,11,4,8,中立者
CID0772,2025-06-29,C社,営業職員,50,13,4,6,批判者
CID0773,2025-12-08,A社(自社),ネット,40,5,2,5,批判者
CID0774,2025-05-13,A社(自社),営業職員,60,6,3,7,中立者
CID0775,2025-11-20,C社,営業職員,40,1,1,6,批判者
CID0776,2025-09-10,A社(自社),営業職員,60,6,3,7,中立者
CID0777,2025-09-22,A社(自社),営業職員,20,18,5,7,中立者
CID0778,2025-04-03,C社,営業職員,40,9,3,5,批判者
CID0779,2025-05-30,C社,営業職員,40,15,4,9,推奨者
CID0780,2025-05-18,B社,営業職員,40,8,3,8,中立者
CID0781,2025-07-27,B社,営業職員,30,19,5,5,批判者
CID0782,2025-05-05,B社,ネット,30,16,5,8,中立者
CID0783,2025-08-22,A社(自社),ネット,50,6,3,5,批判者
CID0784,2025-03-02,A社(自社),ネット,40,6,3,6,批判者
CID0785,2025-11-03,A社(自社),ネット,50,3,2,8,中立者
CID0786,2025-09-23,C社,営業職員,40,10,3,6,批判者
CID0787,2025-05-14,B社,ネット,70,1,1,8,中立者
CID0788,2025-11-14,B社,営業職員,70,14,4,7,中立者
CID0789,2025-04-23,B社,ネット,50,4,2,5,批判者
CID0790,2025-07-10,C社,ネット,40,12,4,5,批判者
CID0791,2025-07-06,A社(自社),ネット,30,6,3,3,批判者
CID0792,2025-11-15,B社,ネット,80,11,4,7,中立者
CID0793,2025-03-30,B社,営業職員,30,12,4,2,批判者
CID0794,2025-07-06,B社,営業職員,40,10,3,7,中立者
CID0795,2025-11-03,A社(自社),営業職員,40,18,5,10,推奨者
CID0796,2025-05-12,C社,営業職員,40,7,3,6,批判者
CID0797,2025-12-26,C社,営業職員,30,7,3,4,批判者
CID0798,2025-05-03,B社,ネット,60,11,4,7,中立者
CID0799,2025-02-17,B社,ネット,30,4,2,6,批判者
CID0800,2025-10-15,C社,営業職員,50,20,5,5,批判者
CID0801,2025-06-28,C社,ネット,30,1,1,7,中立者
CID0802,2025-06-29,A社(自社),ネット,30,13,4,6,批判者
CID0803,2025-04-09,B社,ネット,70,18,5,6,批判者
CID0804,2025-11-26,B社,ネット,30,9,3,9,推奨者
CID0805,2025-02-03,B社,営業職員,60,9,3,8,中立者
CID0806,2025-03-11,C社,ネット,50,9,3,9,推奨者
CID0807,2025-06-20,C社,ネット,30,10,3,10,推奨者
CID0808,2025-09-29,C社,営業職員,80,2,2,5,批判者
CID0809,2025-02-28,B社,営業職員,40,6,3,10,推奨者
CID0810,2025-06-30,A社(自社),ネット,70,15,4,6,批判者
CID0811,2025-01-19,C社,営業職員,30,3,2,4,批判者
CID0812,2025-08-14,C社,ネット,70,11,4,7,中立者
CID0813,2025-04-05,A社(自社),ネット,20,6,3,4,批判者
CID0814,2025-10-24,C社,営業職員,50,3,2,6,批判者
CID0815,2025-03-22,C社,営業職員,60,11,4,5,批判者
CID0816,2025-06-24,B社,ネット,70,15,4,8,中立者
CID0817,2025-08-10,B社,営業職員,70,13,4,8,中立者
CID0818,2025-04-13,A社(自社),営業職員,60,20,5,8,中立者
CID0819,2025-02-23,A社(自社),営業職員,70,10,3,9,推奨者
CID0820,2025-07-02,A社(自社),営業職員,30,6,3,7,中立者
CID0821,2025-12-17,C社,ネット,40,15,4,8,中立者
CID0822,2025-11-14,A社(自社),営業職員,40,18,5,4,批判者
CID0823,2025-12-21,A社(自社),ネット,40,18,5,7,中立者
CID0824,2025-12-15,A社(自社),営業職員,40,7,3,6,批判者
CID0825,2025-11-17,B社,営業職員,50,15,4,7,中立者
CID0826,2025-03-09,C社,ネット,30,18,5,8,中立者
CID0827,2025-01-28,A社(自社),ネット,60,18,5,5,批判者
CID0828,2025-10-01,A社(自社),営業職員,30,20,5,5,批判者
CID0829,2025-10-09,C社,営業職員,40,9,3,3,批判者
CID0830,2025-12-26,B社,営業職員,50,2,2,5,批判者
CID0831,2025-11-07,A社(自社),営業職員,60,8,3,10,推奨者
CID0832,2025-04-29,B社,ネット,60,20,5,8,中立者
CID0833,2025-05-14,A社(自社),営業職員,50,2,2,4,批判者
CID0834,2025-05-09,A社(自社),営業職員,30,11,4,6,批判者
CID0835,2025-01-08,B社,営業職員,50,7,3,4,批判者
CID0836,2025-02-20,B社,ネット,30,6,3,6,批判者
CID0837,2025-12-07,C社,ネット,40,10,3,7,中立者
CID0838,2025-10-08,A社(自社),営業職員,50,5,2,3,批判者
CID0839,2025-06-24,B社,ネット,20,11,4,10,推奨者
CID0840,2025-07-02,B社,営業職員,40,1,1,6,批判者
CID0841,2025-07-11,A社(自社),営業職員,80,2,2,8,中立者
CID0842,2025-09-06,B社,ネット,80,1,1,7,中立者
CID0843,2025-08-23,A社(自社),ネット,40,19,5,8,中立者
CID0844,2025-03-24,C社,ネット,20,2,2,7,中立者
CID0845,2025-04-03,A社(自社),営業職員,30,20,5,7,中立者
CID0846,2025-11-08,B社,営業職員,40,4,2,6,批判者
CID0847,2025-09-25,A社(自社),ネット,70,12,4,6,批判者
CID0848,2025-04-30,C社,営業職員,30,20,5,7,中立者
CID0849,2025-03-12,B社,営業職員,60,18,5,6,批判者
CID0850,2025-01-17,B社,営業職員,30,1,1,6,批判者
CID0851,2025-09-10,A社(自社),ネット,80,1,1,6,批判者
CID0852,2025-05-02,C社,営業職員,40,14,4,6,批判者
CID0853,2025-01-10,A社(自社),営業職員,60,4,2,6,批判者
CID0854,2025-10-14,C社,ネット,40,5,2,6,批判者
CID0855,2025-11-12,A社(自社),営業職員,50,11,4,8,中立者
CID0856,2025-11-22,A社(自社),営業職員,30,13,4,8,中立者
CID0857,2025-09-30,A社(自社),営業職員,30,16,5,5,批判者
CID0858,2025-11-02,B社,営業職員,70,13,4,8,中立者
CID0859,2025-10-20,B社,営業職員,70,2,2,6,批判者
CID0860,2025-07-29,A社(自社),営業職員,70,16,5,9,推奨者
CID0861,2025-08-06,C社,ネット,50,6,3,5,批判者
CID0862,2025-08-29,B社,営業職員,60,14,4,7,中立者
CID0863,2025-07-19,B社,ネット,30,1,1,8,中立者
CID0864,2025-08-04,B社,営業職員,40,17,5,4,批判者
CID0865,2025-07-24,B社,営業職員,40,11,4,7,中立者
CID0866,2025-08-04,B社,営業職員,50,19,5,9,推奨者
CID0867,2025-03-21,A社(自社),営業職員,40,3,2,5,批判者
CID0868,2025-09-24,A社(自社),ネット,30,11,4,7,中立者
CID0869,2025-02-04,C社,営業職員,50,5,2,5,批判者
CID0870,2025-10-16,C社,営業職員,60,17,5,8,中立者
CID0871,2025-01-18,A社(自社),ネット,40,7,3,3,批判者
CID0872,2025-06-14,A社(自社),ネット,30,10,3,9,推奨者
CID0873,2025-01-13,B社,ネット,30,11,4,10,推奨者
CID0874,2025-07-21,B社,営業職員,40,3,2,5,批判者
CID0875,2025-08-17,A社(自社),ネット,40,20,5,4,批判者
CID0876,2025-12-12,A社(自社),営業職員,50,10,3,7,中立者
CID0877,2025-01-01,C社,営業職員,50,10,3,4,批判者
CID0878,2025-11-15,B社,営業職員,60,14,4,7,中立者
CID0879,2025-08-05,A社(自社),営業職員,40,12,4,7,中立者
CID0880,2025-02-03,A社(自社),営業職員,60,15,4,7,中立者
CID0881,2025-12-25,A社(自社),営業職員,40,10,3,8,中立者
CID0882,2025-09-23,B社,ネット,50,10,3,9,推奨者
CID0883,2025-05-08,A社(自社),営業職員,60,19,5,10,推奨者
CID0884,2025-07-31,A社(自社),営業職員,30,1,1,6,批判者
CID0885,2025-09-20,C社,営業職員,30,10,3,4,批判者
CID0886,2025-11-08,A社(自社),ネット,70,2,2,7,中立者
CID0887,2025-03-21,B社,営業職員,40,17,5,6,批判者
CID0888,2025-06-14,A社(自社),営業職員,60,7,3,6,批判者
CID0889,2025-09-09,A社(自社),ネット,20,7,3,7,中立者
CID0890,2025-01-12,A社(自社),ネット,60,20,5,10,推奨者
CID0891,2025-10-31,C社,営業職員,40,9,3,6,批判者
CID0892,2025-07-31,C社,ネット,30,2,2,9,推奨者
CID0893,2025-10-09,C社,ネット,50,14,4,7,中立者
CID0894,2025-04-22,A社(自社),ネット,40,17,5,6,批判者
CID0895,2025-07-30,B社,営業職員,40,1,1,5,批判者
CID0896,2025-08-27,A社(自社),ネット,30,9,3,7,中立者
CID0897,2025-09-25,A社(自社),営業職員,30,20,5,5,批判者
CID0898,2025-10-25,C社,営業職員,40,19,5,8,中立者
CID0899,2025-11-13,A社(自社),営業職員,30,4,2,4,批判者
CID0900,2025-02-27,A社(自社),営業職員,70,8,3,7,中立者
CID0901,2025-02-03,A社(自社),営業職員,20,13,4,8,中立者
CID0902,2025-09-20,A社(自社),ネット,50,4,2,4,批判者
CID0903,2025-12-31,A社(自社),営業職員,30,9,3,5,批判者
CID0904,2025-02-04,B社,営業職員,40,9,3,8,中立者
CID0905,2025-09-28,B社,営業職員,70,18,5,9,推奨者
CID0906,2025-08-15,C社,営業職員,30,12,4,7,中立者
CID0907,2025-01-25,C社,ネット,80,10,3,6,批判者
CID0908,2025-08-22,A社(自社),営業職員,40,11,4,6,批判者
CID0909,2025-02-28,A社(自社),営業職員,60,7,3,8,中立者
CID0910,2025-09-08,A社(自社),営業職員,50,9,3,6,批判者
CID0911,2025-12-01,B社,営業職員,70,6,3,5,批判者
CID0912,2025-03-27,A社(自社),営業職員,50,19,5,8,中立者
CID0913,2025-09-08,B社,ネット,50,16,5,8,中立者
CID0914,2025-06-29,B社,ネット,30,15,4,5,批判者
CID0915,2025-07-26,B社,営業職員,30,7,3,5,批判者
CID0916,2025-12-10,B社,ネット,70,16,5,7,中立者
CID0917,2025-05-29,A社(自社),ネット,40,5,2,5,批判者
CID0918,2025-03-12,C社,ネット,40,16,5,9,推奨者
CID0919,2025-05-01,C社,営業職員,60,1,1,6,批判者
CID0920,2025-09-10,A社(自社),営業職員,40,19,5,5,批判者
CID0921,2025-04-03,C社,営業職員,80,5,2,5,批判者
CID0922,2025-09-13,B社,ネット,60,7,3,7,中立者
CID0923,2025-09-11,C社,ネット,50,19,5,7,中立者
CID0924,2025-12-18,C社,営業職員,70,5,2,6,批判者
CID0925,2025-10-15,B社,営業職員,20,17,5,8,中立者
CID0926,2025-11-05,A社(自社),ネット,40,8,3,6,批判者
CID0927,2025-02-28,A社(自社),ネット,50,1,1,8,中立者
CID0928,2025-03-10,B社,ネット,40,2,2,9,推奨者
CID0929,2025-03-27,B社,ネット,60,15,4,7,中立者
CID0930,2025-10-01,A社(自社),営業職員,70,20,5,10,推奨者
CID0931,2025-08-15,A社(自社),営業職員,50,18,5,7,中立者
CID0932,2025-03-22,C社,ネット,40,11,4,5,批判者
CID0933,2025-04-24,C社,営業職員,80,10,3,9,推奨者
CID0934,2025-07-03,B社,営業職員,50,4,2,8,中立者
CID0935,2025-10-07,A社(自社),ネット,50,5,2,5,批判者
CID0936,2025-11-18,A社(自社),営業職員,40,4,2,4,批判者
CID0937,2025-11-14,A社(自社),ネット,70,13,4,6,批判者
CID0938,2025-02-23,C社,営業職員,50,13,4,8,中立者
CID0939,2025-07-16,A社(自社),ネット,60,18,5,8,中立者
CID0940,2025-10-20,B社,営業職員,60,2,2,7,中立者
CID0941,2025-10-20,A社(自社),営業職員,40,16,5,7,中立者
CID0942,2025-10-18,B社,ネット,50,1,1,10,推奨者
CID0943,2025-06-29,B社,営業職員,60,19,5,6,批判者
CID0944,2025-08-10,C社,ネット,40,9,3,8,中立者
CID0945,2025-10-01,A社(自社),ネット,60,3,2,5,批判者
CID0946,2025-09-01,A社(自社),営業職員,70,7,3,9,推奨者
CID0947,2025-06-03,A社(自社),営業職員,50,10,3,6,批判者
CID0948,2025-10-31,C社,営業職員,60,1,1,6,批判者
CID0949,2025-09-30,C社,営業職員,60,10,3,6,批判者
CID0950,2025-05-15,B社,ネット,60,9,3,10,推奨者
CID0951,2025-11-09,B社,ネット,40,15,4,7,中立者
CID0952,2025-01-08,B社,ネット,30,15,4,7,中立者
CID0953,2025-05-08,A社(自社),ネット,50,3,2,8,中立者
CID0954,2025-02-25,C社,営業職員,60,5,2,6,批判者
CID0955,2025-05-06,B社,ネット,50,9,3,4,批判者
CID0956,2025-06-08,A社(自社),ネット,60,9,3,5,批判者
CID0957,2025-02-28,B社,ネット,40,7,3,5,批判者
CID0958,2025-02-27,A社(自社),ネット,50,12,4,5,批判者
CID0959,2025-05-20,A社(自社),営業職員,30,9,3,1,批判者
CID0960,2025-06-25,C社,ネット,60,6,3,6,批判者
CID0961,2025-04-18,A社(自社),営業職員,50,2,2,4,批判者
CID0962,2025-07-30,B社,営業職員,40,9,3,6,批判者
CID0963,2025-03-15,A社(自社),営業職員,40,17,5,4,批判者
CID0964,2025-06-16,A社(自社),ネット,60,1,1,6,批判者
CID0965,2025-12-23,A社(自社),ネット,50,19,5,6,批判者
CID0966,2025-10-31,A社(自社),ネット,40,6,3,8,中立者
CID0967,2025-08-21,C社,ネット,80,5,2,7,中立者
CID0968,2025-11-23,A社(自社),営業職員,60,2,2,9,推奨者
CID0969,2025-07-01,B社,ネット,80,9,3,7,中立者
CID0970,2025-05-02,B社,営業職員,50,14,4,9,推奨者
CID0971,2025-11-30,B社,営業職員,50,4,2,3,批判者
CID0972,2025-07-22,C社,営業職員,70,4,2,3,批判者
CID0973,2025-01-29,C社,ネット,50,15,4,6,批判者
CID0974,2025-07-21,A社(自社),ネット,60,8,3,9,推奨者
CID0975,2025-04-03,A社(自社),営業職員,40,4,2,5,批判者
CID0976,2025-11-25,A社(自社),営業職員,50,16,5,6,批判者
CID0977,2025-12-22,B社,ネット,30,4,2,4,批判者
CID0978,2025-06-25,A社(自社),営業職員,40,16,5,8,中立者
CID0979,2025-11-26,B社,ネット,20,12,4,9,推奨者
CID0980,2025-07-30,B社,ネット,20,16,5,9,推奨者
CID0981,2025-07-03,A社(自社),営業職員,80,19,5,8,中立者
CID0982,2025-04-05,C社,営業職員,40,8,3,5,批判者
CID0983,2025-09-30,A社(自社),ネット,60,6,3,4,批判者
CID0984,2025-05-17,A社(自社),ネット,60,10,3,7,中立者
CID0985,2025-08-25,C社,営業職員,50,5,2,3,批判者
CID0986,2025-12-19,B社,ネット,30,18,5,6,批判者
CID0987,2025-09-22,B社,営業職員,60,10,3,6,批判者
CID0988,2025-05-15,B社,営業職員,50,10,3,6,批判者
CID0989,2025-05-24,A社(自社),ネット,60,7,3,5,批判者
CID0990,2025-01-19,C社,ネット,60,18,5,7,中立者
CID0991,2025-08-19,C社,営業職員,80,1,1,6,批判者
CID0992,2025-05-14,B社,ネット,50,7,3,7,中立者
CID0993,2025-04-24,A社(自社),営業職員,40,1,1,6,批判者
CID0994,2025-05-19,B社,営業職員,50,15,4,5,批判者
CID0995,2025-05-05,A社(自社),営業職員,30,4,2,5,批判者
CID0996,2025-07-23,A社(自社),ネット,70,20,5,7,中立者
CID0997,2025-03-02,C社,営業職員,30,10,3,4,批判者
CID0998,2025-09-07,A社(自社),営業職員,40,9,3,7,中立者
CID0999,2025-10-25,C社,営業職員,60,2,2,5,批判者
CID1000,2025-01-13,B社,ネット,50,14,4,8,中立者
CID1001,2025-09-12,A社(自社),ネット,40,16,5,8,中立者
CID1002,2025-03-26,B社,ネット,50,1,1,9,推奨者
CID1003,2025-01-20,C社,営業職員,70,2,2,6,批判者
CID1004,2025-02-19,C社,ネット,40,7,3,5,批判者
CID1005,2025-06-13,C社,営業職員,70,10,3,8,中立者
CID1006,2025-04-02,B社,ネット,30,20,5,9,推奨者
CID1007,2025-03-29,B社,ネット,60,1,1,7,中立者
CID1008,2025-03-10,C社,営業職員,60,13,4,5,批判者
CID1009,2025-02-06,A社(自社),ネット,30,1,1,1,批判者
CID1010,2025-09-10,B社,営業職員,50,5,2,5,批判者
CID1011,2025-09-09,A社(自社),営業職員,30,16,5,6,批判者
CID1012,2025-05-20,C社,営業職員,60,15,4,8,中立者
CID1013,2025-12-21,C社,営業職員,50,17,5,7,中立者
CID1014,2025-06-17,A社(自社),営業職員,50,16,5,9,推奨者
CID1015,2025-02-23,C社,ネット,30,13,4,5,批判者
CID1016,2025-06-27,C社,営業職員,40,11,4,8,中立者
CID1017,2025-10-24,A社(自社),ネット,20,17,5,4,批判者
CID1018,2025-10-28,B社,営業職員,40,17,5,8,中立者
CID1019,2025-12-25,C社,営業職員,50,2,2,4,批判者
CID1020,2025-04-16,A社(自社),ネット,70,13,4,7,中立者
CID1021,2025-05-17,B社,営業職員,60,14,4,4,批判者
CID1022,2025-07-09,A社(自社),営業職員,50,11,4,6,批判者
CID1023,2025-05-08,C社,ネット,80,10,3,7,中立者
CID1024,2025-12-08,C社,営業職員,60,3,2,4,批判者
CID1025,2025-02-16,C社,営業職員,70,17,5,5,批判者
CID1026,2025-01-05,B社,営業職員,50,15,4,8,中立者
CID1027,2025-09-14,C社,ネット,40,9,3,6,批判者
CID1028,2025-10-27,C社,ネット,30,10,3,6,批判者
CID1029,2025-05-30,A社(自社),ネット,60,8,3,6,批判者
CID1030,2025-10-21,C社,ネット,30,13,4,10,推奨者
CID1031,2025-08-31,A社(自社),営業職員,40,18,5,8,中立者
CID1032,2025-10-02,B社,営業職員,50,5,2,7,中立者
CID1033,2025-07-27,A社(自社),ネット,50,6,3,7,中立者
CID1034,2025-04-25,A社(自社),営業職員,50,17,5,7,中立者
CID1035,2025-07-14,A社(自社),営業職員,30,11,4,3,批判者
CID1036,2025-12-09,B社,営業職員,40,20,5,5,批判者
CID1037,2025-06-19,A社(自社),営業職員,50,16,5,6,批判者
CID1038,2025-03-23,C社,ネット,80,9,3,3,批判者
CID1039,2025-06-03,A社(自社),営業職員,60,2,2,6,批判者
CID1040,2025-05-21,A社(自社),営業職員,70,5,2,4,批判者
CID1041,2025-11-10,B社,営業職員,60,1,1,6,批判者
CID1042,2025-05-26,C社,ネット,50,4,2,6,批判者
CID1043,2025-11-19,A社(自社),営業職員,30,4,2,7,中立者
CID1044,2025-05-02,B社,営業職員,60,3,2,6,批判者
CID1045,2025-09-09,C社,ネット,50,9,3,5,批判者
CID1046,2025-12-09,B社,ネット,50,12,4,5,批判者
CID1047,2025-11-07,A社(自社),営業職員,50,10,3,4,批判者
CID1048,2025-03-30,A社(自社),営業職員,50,2,2,4,批判者
CID1049,2025-02-27,C社,営業職員,40,11,4,5,批判者
CID1050,2025-03-04,A社(自社),営業職員,50,10,3,6,批判者
CID1051,2025-12-13,C社,営業職員,30,6,3,4,批判者
CID1052,2025-11-04,B社,営業職員,60,18,5,7,中立者
CID1053,2025-10-07,C社,営業職員,30,2,2,6,批判者
CID1054,2025-03-13,C社,営業職員,30,2,2,6,批判者
CID1055,2025-01-09,C社,ネット,50,10,3,8,中立者
CID1056,2025-04-04,A社(自社),ネット,60,16,5,5,批判者
CID1057,2025-12-05,C社,ネット,50,12,4,7,中立者
CID1058,2025-12-02,B社,営業職員,40,1,1,6,批判者
CID1059,2025-06-01,B社,営業職員,50,8,3,5,批判者
CID1060,2025-12-22,B社,ネット,40,16,5,9,推奨者
CID1061,2025-02-09,C社,営業職員,70,18,5,8,中立者
CID1062,2025-12-25,C社,営業職員,70,13,4,5,批判者
CID1063,2025-03-03,C社,営業職員,50,15,4,6,批判者
CID1064,2025-09-11,B社,ネット,40,12,4,8,中立者
CID1065,2025-03-10,B社,ネット,60,8,3,7,中立者
CID1066,2025-09-02,C社,営業職員,20,10,3,7,中立者
CID1067,2025-12-31,A社(自社),営業職員,50,14,4,7,中立者
CID1068,2025-06-19,A社(自社),ネット,40,5,2,8,中立者
CID1069,2025-06-27,A社(自社),営業職員,70,18,5,6,批判者
CID1070,2025-07-08,A社(自社),ネット,20,19,5,5,批判者
CID1071,2025-09-17,A社(自社),ネット,50,15,4,5,批判者
CID1072,2025-03-13,A社(自社),ネット,60,6,3,7,中立者
CID1073,2025-01-17,A社(自社),営業職員,50,11,4,4,批判者
CID1074,2025-12-07,A社(自社),営業職員,30,11,4,7,中立者
CID1075,2025-02-26,C社,営業職員,80,20,5,6,批判者
CID1076,2025-08-06,B社,ネット,50,20,5,7,中立者
CID1077,2025-04-17,A社(自社),ネット,50,18,5,4,批判者
CID1078,2025-10-31,B社,営業職員,40,18,5,6,批判者
CID1079,2025-06-22,A社(自社),営業職員,50,10,3,8,中立者
CID1080,2025-08-07,C社,ネット,50,2,2,6,批判者
CID1081,2025-09-04,C社,ネット,30,9,3,7,中立者
CID1082,2025-08-06,A社(自社),ネット,30,14,4,7,中立者
CID1083,2025-01-31,B社,営業職員,60,19,5,7,中立者
CID1084,2025-02-16,C社,営業職員,40,10,3,6,批判者
CID1085,2025-05-14,C社,ネット,30,4,2,6,批判者
CID1086,2025-04-18,B社,ネット,50,6,3,7,中立者
CID1087,2025-03-13,B社,営業職員,60,14,4,6,批判者
CID1088,2025-11-23,A社(自社),営業職員,30,4,2,3,批判者
CID1089,2025-04-18,C社,営業職員,50,15,4,8,中立者
CID1090,2025-11-05,A社(自社),営業職員,30,16,5,6,批判者
CID1091,2025-09-29,C社,営業職員,20,7,3,6,批判者
CID1092,2025-06-20,B社,ネット,30,17,5,6,批判者
CID1093,2025-04-26,B社,営業職員,60,19,5,7,中立者
CID1094,2025-11-25,B社,ネット,30,19,5,7,中立者
CID1095,2025-03-15,A社(自社),営業職員,20,17,5,6,批判者
CID1096,2025-09-13,A社(自社),ネット,50,6,3,7,中立者
CID1097,2025-03-22,A社(自社),ネット,60,11,4,8,中立者
CID1098,2025-09-25,A社(自社),営業職員,40,16,5,6,批判者
CID1099,2025-05-08,C社,営業職員,50,8,3,3,批判者
CID1100,2025-11-22,A社(自社),営業職員,20,11,4,10,推奨者
CID1101,2025-08-23,A社(自社),営業職員,50,7,3,9,推奨者
CID1102,2025-02-10,C社,ネット,50,19,5,8,中立者
CID1103,2025-06-30,C社,ネット,50,10,3,5,批判者
CID1104,2025-06-06,C社,営業職員,40,9,3,6,批判者
CID1105,2025-02-28,C社,営業職員,40,4,2,4,批判者
CID1106,2025-12-11,A社(自社),営業職員,30,15,4,8,中立者
CID1107,2025-09-06,A社(自社),ネット,40,13,4,7,中立者
CID1108,2025-07-11,C社,営業職員,30,2,2,5,批判者
CID1109,2025-01-24,B社,営業職員,60,2,2,5,批判者
CID1110,2025-03-21,A社(自社),ネット,80,16,5,8,中立者
CID1111,2025-05-14,C社,ネット,80,9,3,8,中立者
CID1112,2025-08-01,A社(自社),営業職員,70,13,4,10,推奨者
CID1113,2025-12-14,A社(自社),ネット,50,3,2,6,批判者
CID1114,2025-06-15,B社,営業職員,60,9,3,6,批判者
CID1115,2025-12-14,B社,営業職員,40,13,4,2,批判者
CID1116,2025-12-03,B社,ネット,50,2,2,8,中立者
CID1117,2025-03-12,A社(自社),ネット,50,8,3,6,批判者
CID1118,2025-08-02,C社,営業職員,50,9,3,6,批判者
CID1119,2025-03-06,A社(自社),営業職員,60,16,5,9,推奨者
CID1120,2025-08-09,A社(自社),営業職員,40,2,2,4,批判者
CID1121,2025-11-04,C社,営業職員,40,6,3,7,中立者
CID1122,2025-10-13,C社,営業職員,70,8,3,7,中立者
CID1123,2025-07-04,C社,営業職員,30,5,2,6,批判者
CID1124,2025-07-26,C社,営業職員,50,9,3,7,中立者
CID1125,2025-04-09,B社,ネット,70,1,1,8,中立者
CID1126,2025-08-30,B社,ネット,50,9,3,7,中立者
CID1127,2025-06-07,A社(自社),ネット,50,10,3,6,批判者
CID1128,2025-04-08,B社,営業職員,40,4,2,5,批判者
CID1129,2025-02-11,A社(自社),ネット,40,3,2,5,批判者
CID1130,2025-05-19,A社(自社),ネット,70,10,3,8,中立者
CID1131,2025-10-10,C社,ネット,50,15,4,7,中立者
CID1132,2025-08-15,B社,ネット,50,11,4,10,推奨者
CID1133,2025-03-13,A社(自社),ネット,30,14,4,8,中立者
CID1134,2025-08-31,A社(自社),営業職員,20,6,3,6,批判者
CID1135,2025-01-18,B社,営業職員,80,12,4,1,批判者
CID1136,2025-03-18,A社(自社),ネット,40,13,4,8,中立者
CID1137,2025-02-14,C社,ネット,50,17,5,6,批判者
CID1138,2025-12-09,B社,ネット,30,16,5,7,中立者
CID1139,2025-05-20,B社,営業職員,60,3,2,4,批判者
CID1140,2025-06-26,B社,営業職員,70,2,2,5,批判者
CID1141,2025-08-10,C社,営業職員,50,11,4,7,中立者
CID1142,2025-04-02,A社(自社),ネット,30,9,3,2,批判者
CID1143,2025-01-22,B社,営業職員,50,3,2,3,批判者
CID1144,2025-06-21,B社,営業職員,60,18,5,7,中立者
CID1145,2025-04-02,A社(自社),営業職員,50,20,5,7,中立者
CID1146,2025-07-11,C社,営業職員,70,15,4,7,中立者
CID1147,2025-03-18,C社,ネット,50,14,4,5,批判者
CID1148,2025-10-08,B社,ネット,70,2,2,6,批判者
CID1149,2025-12-30,C社,ネット,50,17,5,6,批判者
CID1150,2025-06-28,C社,営業職員,30,8,3,6,批判者
CID1151,2025-08-26,C社,ネット,40,10,3,9,推奨者
CID1152,2025-05-15,C社,営業職員,40,18,5,3,批判者
CID1153,2025-12-31,B社,ネット,70,19,5,8,中立者
CID1154,2025-10-07,B社,営業職員,60,8,3,4,批判者
CID1155,2025-01-19,B社,営業職員,60,8,3,4,批判者
CID1156,2025-03-24,C社,ネット,40,3,2,6,批判者
CID1157,2025-08-16,A社(自社),ネット,30,3,2,4,批判者
CID1158,2025-09-22,C社,営業職員,60,12,4,7,中立者
CID1159,2025-04-22,C社,ネット,50,17,5,8,中立者
CID1160,2025-09-08,A社(自社),営業職員,40,4,2,4,批判者
CID1161,2025-06-13,C社,営業職員,50,17,5,6,批判者
CID1162,2025-12-24,A社(自社),営業職員,20,14,4,10,推奨者
CID1163,2025-06-17,A社(自社),営業職員,40,19,5,6,批判者
CID1164,2025-08-09,C社,営業職員,50,9,3,7,中立者
CID1165,2025-10-31,A社(自社),営業職員,30,12,4,7,中立者
CID1166,2025-07-10,C社,営業職員,80,5,2,2,批判者
CID1167,2025-11-21,C社,ネット,40,11,4,3,批判者
CID1168,2025-06-19,B社,営業職員,30,20,5,6,批判者
CID1169,2025-02-14,A社(自社),ネット,40,3,2,7,中立者
CID1170,2025-01-14,A社(自社),営業職員,60,15,4,10,推奨者
CID1171,2025-08-19,B社,ネット,50,14,4,9,推奨者
CID1172,2025-06-06,C社,営業職員,50,11,4,5,批判者
CID1173,2025-05-14,B社,営業職員,20,20,5,9,推奨者
CID1174,2025-02-06,A社(自社),営業職員,20,8,3,5,批判者
CID1175,2025-02-22,B社,営業職員,50,4,2,5,批判者
CID1176,2025-01-18,B社,営業職員,60,12,4,6,批判者
CID1177,2025-02-07,C社,ネット,70,8,3,6,批判者
CID1178,2025-07-06,A社(自社),ネット,30,6,3,7,中立者
CID1179,2025-07-15,C社,ネット,50,15,4,5,批判者
CID1180,2025-08-31,B社,ネット,70,12,4,6,批判者
CID1181,2025-10-27,C社,営業職員,40,16,5,7,中立者
CID1182,2025-10-30,A社(自社),営業職員,60,16,5,8,中立者
CID1183,2025-02-04,B社,営業職員,30,20,5,10,推奨者
CID1184,2025-08-03,C社,営業職員,70,20,5,8,中立者
CID1185,2025-08-07,A社(自社),営業職員,60,4,2,6,批判者
CID1186,2025-11-12,C社,営業職員,70,11,4,5,批判者
CID1187,2025-03-31,B社,営業職員,60,13,4,4,批判者
CID1188,2025-11-04,A社(自社),営業職員,40,9,3,4,批判者
CID1189,2025-09-09,A社(自社),ネット,70,4,2,5,批判者
CID1190,2025-01-08,C社,ネット,40,12,4,9,推奨者
CID1191,2025-09-13,A社(自社),営業職員,40,9,3,8,中立者
CID1192,2025-12-29,B社,ネット,60,13,4,8,中立者
CID1193,2025-07-27,A社(自社),ネット,60,16,5,6,批判者
CID1194,2025-05-11,B社,営業職員,70,6,3,6,批判者
CID1195,2025-08-12,A社(自社),営業職員,40,10,3,6,批判者
CID1196,2025-07-16,C社,営業職員,60,13,4,9,推奨者
CID1197,2025-05-22,C社,ネット,60,7,3,6,批判者
CID1198,2025-09-09,C社,ネット,30,19,5,6,批判者
CID1199,2025-04-06,C社,営業職員,40,19,5,3,批判者
CID1200,2025-01-26,A社(自社),営業職員,40,17,5,6,批判者
CID1201,2025-04-21,C社,営業職員,40,13,4,8,中立者
CID1202,2025-05-03,A社(自社),営業職員,80,13,4,7,中立者
CID1203,2025-07-05,A社(自社),営業職員,50,2,2,5,批判者
CID1204,2025-06-17,A社(自社),ネット,60,10,3,8,中立者
CID1205,2025-02-20,B社,ネット,80,13,4,6,批判者
CID1206,2025-01-05,C社,ネット,40,9,3,8,中立者
CID1207,2025-03-18,B社,ネット,60,1,1,7,中立者
CID1208,2025-06-09,B社,ネット,50,14,4,7,中立者
CID1209,2025-07-27,A社(自社),営業職員,70,16,5,7,中立者
CID1210,2025-09-14,C社,ネット,30,20,5,7,中立者
CID1211,2025-07-24,B社,営業職員,70,15,4,10,推奨者
CID1212,2025-09-12,B社,ネット,40,1,1,9,推奨者
CID1213,2025-01-11,A社(自社),営業職員,40,17,5,5,批判者
CID1214,2025-01-08,C社,ネット,60,13,4,8,中立者
CID1215,2025-02-01,B社,営業職員,40,15,4,6,批判者
CID1216,2025-01-28,A社(自社),営業職員,50,16,5,9,推奨者
CID1217,2025-07-25,A社(自社),営業職員,50,16,5,8,中立者
CID1218,2025-08-16,B社,営業職員,60,2,2,2,批判者
CID1219,2025-05-08,B社,ネット,40,17,5,6,批判者
CID1220,2025-09-12,A社(自社),ネット,30,11,4,6,批判者
CID1221,2025-07-31,C社,営業職員,40,8,3,6,批判者
CID1222,2025-08-27,A社(自社),営業職員,50,20,5,5,批判者
CID1223,2025-07-26,B社,営業職員,30,3,2,4,批判者
CID1224,2025-11-14,C社,営業職員,40,12,4,4,批判者
CID1225,2025-10-10,B社,営業職員,40,20,5,6,批判者
CID1226,2025-09-02,B社,ネット,30,16,5,10,推奨者
CID1227,2025-02-14,A社(自社),営業職員,50,14,4,8,中立者
CID1228,2025-04-15,A社(自社),営業職員,70,16,5,10,推奨者
CID1229,2025-12-14,C社,営業職員,30,17,5,8,中立者
CID1230,2025-10-08,B社,営業職員,50,11,4,8,中立者
CID1231,2025-08-22,C社,営業職員,60,17,5,9,推奨者
CID1232,2025-07-08,A社(自社),ネット,50,19,5,7,中立者
CID1233,2025-02-13,A社(自社),営業職員,60,1,1,8,中立者
CID1234,2025-08-13,A社(自社),営業職員,50,12,4,8,中立者
CID1235,2025-05-22,B社,営業職員,50,15,4,9,推奨者
CID1236,2025-05-16,A社(自社),営業職員,20,18,5,6,批判者
CID1237,2025-06-25,C社,営業職員,60,14,4,5,批判者
CID1238,2025-05-22,B社,ネット,60,1,1,8,中立者
CID1239,2025-03-21,C社,ネット,20,13,4,8,中立者
CID1240,2025-03-23,A社(自社),営業職員,40,15,4,8,中立者
CID1241,2025-05-15,C社,営業職員,80,7,3,4,批判者
CID1242,2025-07-26,C社,営業職員,50,15,4,9,推奨者
CID1243,2025-12-10,C社,営業職員,50,20,5,6,批判者
CID1244,2025-06-26,C社,ネット,70,10,3,6,批判者
CID1245,2025-08-31,C社,ネット,60,14,4,5,批判者
CID1246,2025-02-24,B社,営業職員,50,6,3,10,推奨者
CID1247,2025-05-21,A社(自社),営業職員,60,14,4,9,推奨者
CID1248,2025-02-25,A社(自社),営業職員,70,12,4,7,中立者
CID1249,2025-01-15,C社,ネット,50,11,4,8,中立者
CID1250,2025-07-04,B社,ネット,50,20,5,9,推奨者
CID1251,2025-11-10,C社,営業職員,40,19,5,6,批判者
CID1252,2025-03-29,B社,営業職員,80,2,2,7,中立者
CID1253,2025-04-07,A社(自社),ネット,60,20,5,5,批判者
CID1254,2025-05-24,A社(自社),営業職員,30,1,1,5,批判者
CID1255,2025-01-08,B社,営業職員,70,8,3,3,批判者
CID1256,2025-08-03,B社,営業職員,50,14,4,5,批判者
CID1257,2025-06-22,A社(自社),ネット,30,9,3,7,中立者
CID1258,2025-08-11,B社,営業職員,50,2,2,8,中立者
CID1259,2025-02-09,A社(自社),営業職員,50,5,2,5,批判者
CID1260,2025-07-01,B社,ネット,70,8,3,10,推奨者
CID1261,2025-09-27,A社(自社),営業職員,40,16,5,6,批判者
CID1262,2025-07-06,C社,営業職員,60,16,5,6,批判者
CID1263,2025-09-02,A社(自社),営業職員,50,13,4,7,中立者
CID1264,2025-11-05,B社,営業職員,30,20,5,6,批判者
CID1265,2025-08-19,A社(自社),ネット,80,15,4,6,批判者
CID1266,2025-06-04,A社(自社),営業職員,50,1,1,8,中立者
CID1267,2025-06-24,A社(自社),営業職員,40,3,2,5,批判者
CID1268,2025-12-02,B社,営業職員,50,6,3,7,中立者
CID1269,2025-04-25,B社,ネット,70,14,4,10,推奨者
CID1270,2025-11-07,A社(自社),ネット,40,4,2,6,批判者
CID1271,2025-10-27,B社,営業職員,30,18,5,5,批判者
CID1272,2025-01-18,C社,営業職員,30,15,4,4,批判者
CID1273,2025-09-29,C社,ネット,40,9,3,6,批判者
CID1274,2025-01-12,A社(自社),営業職員,60,18,5,8,中立者
CID1275,2025-10-28,B社,ネット,50,3,2,7,中立者
CID1276,2025-07-11,A社(自社),ネット,40,10,3,6,批判者
CID1277,2025-08-20,A社(自社),ネット,30,17,5,9,推奨者
CID1278,2025-04-03,C社,営業職員,40,7,3,4,批判者
CID1279,2025-08-06,A社(自社),営業職員,70,15,4,6,批判者
CID1280,2025-10-05,B社,ネット,40,1,1,8,中立者
CID1281,2025-12-19,B社,営業職員,80,11,4,6,批判者
CID1282,2025-10-30,C社,営業職員,50,17,5,7,中立者
CID1283,2025-01-29,B社,ネット,30,5,2,7,中立者
CID1284,2025-10-28,A社(自社),ネット,70,7,3,8,中立者
CID1285,2025-03-18,A社(自社),営業職員,50,19,5,4,批判者
CID1286,2025-01-09,B社,営業職員,60,15,4,6,批判者
CID1287,2025-01-24,A社(自社),営業職員,80,3,2,8,中立者
CID1288,2025-01-15,A社(自社),ネット,30,15,4,6,批判者
CID1289,2025-06-13,A社(自社),ネット,30,5,2,7,中立者
CID1290,2025-01-13,A社(自社),営業職員,60,12,4,10,推奨者
CID1291,2025-12-13,A社(自社),営業職員,40,20,5,6,批判者
CID1292,2025-06-21,A社(自社),ネット,30,5,2,2,批判者
CID1293,2025-12-23,B社,営業職員,20,3,2,4,批判者
CID1294,2025-11-23,B社,営業職員,20,9,3,5,批判者
CID1295,2025-07-19,C社,ネット,60,9,3,7,中立者
CID1296,2025-03-17,A社(自社),営業職員,30,7,3,6,批判者
CID1297,2025-06-13,A社(自社),ネット,50,2,2,4,批判者
CID1298,2025-03-02,A社(自社),営業職員,50,16,5,6,批判者
CID1299,2025-09-02,B社,営業職員,50,9,3,7,中立者
CID1300,2025-06-04,C社,ネット,20,13,4,7,中立者
CID1301,2025-09-14,A社(自社),営業職員,60,19,5,9,推奨者
CID1302,2025-09-01,C社,ネット,20,20,5,7,中立者
CID1303,2025-06-11,A社(自社),営業職員,60,17,5,10,推奨者
CID1304,2025-03-09,B社,営業職員,70,6,3,6,批判者
CID1305,2025-12-10,C社,営業職員,50,4,2,4,批判者
CID1306,2025-10-04,C社,営業職員,50,1,1,5,批判者
CID1307,2025-06-10,C社,営業職員,50,18,5,7,中立者
CID1308,2025-09-16,C社,営業職員,40,19,5,3,批判者
CID1309,2025-11-03,A社(自社),営業職員,70,9,3,8,中立者
CID1310,2025-12-01,C社,営業職員,70,13,4,6,批判者
CID1311,2025-04-05,A社(自社),ネット,40,8,3,4,批判者
CID1312,2025-09-03,C社,ネット,50,13,4,5,批判者
CID1313,2025-08-09,B社,ネット,70,15,4,9,推奨者
CID1314,2025-05-03,C社,営業職員,80,11,4,7,中立者
CID1315,2025-07-06,B社,営業職員,50,12,4,7,中立者
CID1316,2025-09-19,B社,ネット,50,14,4,8,中立者
CID1317,2025-09-30,B社,営業職員,40,4,2,5,批判者
CID1318,2025-03-01,C社,営業職員,80,1,1,8,中立者
CID1319,2025-05-05,A社(自社),ネット,30,4,2,4,批判者
CID1320,2025-12-03,A社(自社),ネット,50,19,5,4,批判者
CID1321,2025-12-07,A社(自社),営業職員,40,9,3,8,中立者
CID1322,2025-02-20,A社(自社),営業職員,40,10,3,7,中立者
CID1323,2025-06-27,C社,ネット,50,4,2,4,批判者
CID1324,2025-05-19,A社(自社),営業職員,80,20,5,7,中立者
CID1325,2025-11-23,C社,ネット,30,9,3,7,中立者
CID1326,2025-06-19,A社(自社),ネット,50,13,4,6,批判者
CID1327,2025-02-08,A社(自社),ネット,30,12,4,7,中立者
CID1328,2025-03-10,C社,営業職員,30,11,4,6,批判者
CID1329,2025-08-24,B社,営業職員,50,12,4,5,批判者
CID1330,2025-02-17,B社,ネット,50,18,5,9,推奨者
CID1331,2025-02-26,B社,ネット,40,12,4,9,推奨者
CID1332,2025-10-04,C社,ネット,40,16,5,7,中立者
CID1333,2025-12-04,A社(自社),営業職員,30,5,2,6,批判者
CID1334,2025-04-09,C社,営業職員,40,20,5,6,批判者
CID1335,2025-01-15,C社,ネット,80,12,4,7,中立者
CID1336,2025-11-21,B社,ネット,70,11,4,10,推奨者
CID1337,2025-06-28,A社(自社),ネット,40,9,3,7,中立者
CID1338,2025-11-28,B社,ネット,50,18,5,8,中立者
CID1339,2025-03-03,A社(自社),営業職員,70,3,2,9,推奨者
CID1340,2025-04-29,A社(自社),ネット,20,20,5,1,批判者
CID1341,2025-02-06,A社(自社),ネット,60,17,5,10,推奨者
CID1342,2025-05-14,B社,営業職員,70,14,4,4,批判者
CID1343,2025-01-26,C社,ネット,30,1,1,5,批判者
CID1344,2025-01-08,C社,営業職員,30,17,5,6,批判者
CID1345,2025-01-04,C社,営業職員,80,8,3,6,批判者
CID1346,2025-01-21,B社,ネット,50,5,2,8,中立者
CID1347,2025-05-29,A社(自社),営業職員,20,5,2,3,批判者
CID1348,2025-01-25,A社(自社),営業職員,40,9,3,6,批判者
CID1349,2025-05-23,C社,営業職員,50,3,2,4,批判者
CID1350,2025-09-02,A社(自社),営業職員,60,19,5,9,推奨者
CID1351,2025-02-12,C社,営業職員,60,9,3,6,批判者
CID1352,2025-10-20,B社,営業職員,80,18,5,7,中立者
CID1353,2025-07-04,B社,ネット,40,16,5,7,中立者
CID1354,2025-02-11,C社,営業職員,50,1,1,5,批判者
CID1355,2025-04-02,B社,営業職員,50,2,2,6,批判者
CID1356,2025-11-13,C社,営業職員,50,14,4,8,中立者
CID1357,2025-11-20,C社,ネット,30,14,4,6,批判者
CID1358,2025-02-22,B社,営業職員,80,1,1,5,批判者
CID1359,2025-03-25,A社(自社),ネット,70,16,5,7,中立者
CID1360,2025-02-03,B社,ネット,50,15,4,8,中立者
CID1361,2025-03-17,C社,ネット,50,15,4,8,中立者
CID1362,2025-12-19,A社(自社),営業職員,40,12,4,5,批判者
CID1363,2025-07-16,B社,ネット,50,16,5,5,批判者
CID1364,2025-10-13,B社,営業職員,60,14,4,6,批判者
CID1365,2025-03-29,C社,ネット,50,15,4,5,批判者
CID1366,2025-08-23,A社(自社),ネット,80,15,4,6,批判者
CID1367,2025-08-20,C社,営業職員,50,19,5,6,批判者
CID1368,2025-01-07,C社,営業職員,40,8,3,7,中立者
CID1369,2025-10-19,A社(自社),営業職員,60,2,2,8,中立者
CID1370,2025-02-07,A社(自社),ネット,30,2,2,5,批判者
CID1371,2025-02-21,C社,営業職員,40,10,3,7,中立者
CID1372,2025-05-23,A社(自社),営業職員,40,3,2,5,批判者
CID1373,2025-08-09,C社,営業職員,50,17,5,6,批判者
CID1374,2025-08-28,B社,ネット,60,8,3,8,中立者
CID1375,2025-05-23,A社(自社),ネット,50,4,2,4,批判者
CID1376,2025-12-15,C社,ネット,60,14,4,9,推奨者
CID1377,2025-12-29,B社,ネット,50,10,3,8,中立者
CID1378,2025-02-18,B社,営業職員,40,1,1,4,批判者
CID1379,2025-10-04,A社(自社),営業職員,60,4,2,7,中立者
CID1380,2025-09-28,B社,ネット,40,1,1,6,批判者
CID1381,2025-01-14,A社(自社),営業職員,40,17,5,7,中立者
CID1382,2025-10-25,A社(自社),営業職員,50,17,5,10,推奨者
CID1383,2025-01-15,C社,営業職員,40,7,3,5,批判者
CID1384,2025-08-22,A社(自社),営業職員,20,20,5,7,中立者
CID1385,2025-03-04,B社,営業職員,50,15,4,4,批判者
CID1386,2025-07-15,A社(自社),ネット,50,13,4,7,中立者
CID1387,2025-01-27,C社,営業職員,50,2,2,5,批判者
CID1388,2025-04-03,A社(自社),営業職員,80,19,5,8,中立者
CID1389,2025-04-15,C社,営業職員,50,13,4,5,批判者
CID1390,2025-11-05,B社,ネット,70,11,4,9,推奨者
CID1391,2025-02-21,A社(自社),営業職員,30,15,4,8,中立者
CID1392,2025-11-15,A社(自社),ネット,50,10,3,7,中立者
CID1393,2025-06-30,A社(自社),ネット,70,9,3,5,批判者
CID1394,2025-02-26,B社,営業職員,50,9,3,8,中立者
CID1395,2025-04-30,A社(自社),ネット,60,20,5,5,批判者
CID1396,2025-11-04,C社,ネット,40,1,1,3,批判者
CID1397,2025-12-29,B社,ネット,30,17,5,9,推奨者
CID1398,2025-02-12,A社(自社),ネット,50,12,4,5,批判者
CID1399,2025-05-15,B社,営業職員,40,10,3,8,中立者
CID1400,2025-09-17,C社,営業職員,70,5,2,4,批判者
CID1401,2025-07-16,A社(自社),営業職員,40,18,5,7,中立者
CID1402,2025-05-13,A社(自社),営業職員,80,15,4,10,推奨者
CID1403,2025-09-12,A社(自社),ネット,80,6,3,4,批判者
CID1404,2025-08-08,C社,営業職員,40,7,3,5,批判者
CID1405,2025-12-02,B社,ネット,40,17,5,8,中立者
CID1406,2025-02-10,B社,ネット,70,6,3,10,推奨者
CID1407,2025-09-12,C社,ネット,80,8,3,5,批判者
CID1408,2025-01-02,C社,ネット,50,12,4,6,批判者
CID1409,2025-07-14,B社,営業職員,40,14,4,7,中立者
CID1410,2025-08-30,C社,営業職員,50,12,4,6,批判者
CID1411,2025-05-29,A社(自社),営業職員,60,10,3,9,推奨者
CID1412,2025-07-17,A社(自社),営業職員,40,20,5,4,批判者
CID1413,2025-10-26,A社(自社),営業職員,60,15,4,10,推奨者
CID1414,2025-09-02,A社(自社),営業職員,30,7,3,4,批判者
CID1415,2025-12-04,B社,ネット,20,9,3,7,中立者
CID1416,2025-04-18,C社,営業職員,40,10,3,6,批判者
CID1417,2025-07-31,A社(自社),営業職員,40,10,3,9,推奨者
CID1418,2025-06-05,A社(自社),ネット,40,16,5,5,批判者
CID1419,2025-01-26,B社,営業職員,50,7,3,9,推奨者
CID1420,2025-03-23,C社,営業職員,40,5,2,6,批判者
CID1421,2025-03-24,A社(自社),ネット,30,3,2,4,批判者
CID1422,2025-05-11,B社,ネット,40,18,5,7,中立者
CID1423,2025-11-25,A社(自社),ネット,80,11,4,7,中立者
CID1424,2025-04-10,A社(自社),営業職員,50,15,4,5,批判者
CID1425,2025-09-13,C社,ネット,50,20,5,8,中立者
CID1426,2025-02-18,C社,ネット,50,5,2,4,批判者
CID1427,2025-03-04,A社(自社),営業職員,80,12,4,8,中立者
CID1428,2025-11-07,C社,ネット,40,4,2,4,批判者
CID1429,2025-10-17,B社,ネット,60,15,4,7,中立者
CID1430,2025-04-15,C社,営業職員,60,9,3,7,中立者
CID1431,2025-04-15,B社,営業職員,50,7,3,7,中立者
CID1432,2025-11-21,B社,ネット,30,10,3,10,推奨者
CID1433,2025-01-15,B社,ネット,60,13,4,5,批判者
CID1434,2025-06-24,B社,営業職員,30,8,3,8,中立者
CID1435,2025-09-16,A社(自社),ネット,50,12,4,10,推奨者
CID1436,2025-07-30,A社(自社),営業職員,60,19,5,8,中立者
CID1437,2025-09-16,A社(自社),営業職員,40,1,1,9,推奨者
CID1438,2025-04-12,C社,営業職員,60,16,5,6,批判者
CID1439,2025-09-17,A社(自社),ネット,20,17,5,3,批判者
CID1440,2025-12-10,B社,ネット,60,18,5,8,中立者
CID1441,2025-06-08,C社,営業職員,50,11,4,8,中立者
CID1442,2025-02-14,A社(自社),営業職員,40,18,5,5,批判者
CID1443,2025-10-28,B社,営業職員,30,7,3,5,批判者
CID1444,2025-09-08,B社,ネット,80,18,5,9,推奨者
CID1445,2025-11-27,C社,ネット,30,8,3,6,批判者
CID1446,2025-06-14,A社(自社),ネット,30,6,3,5,批判者
CID1447,2025-07-12,B社,ネット,40,7,3,8,中立者
CID1448,2025-01-09,C社,ネット,50,10,3,7,中立者
CID1449,2025-03-06,C社,営業職員,50,11,4,6,批判者
CID1450,2025-10-09,B社,営業職員,30,13,4,7,中立者
CID1451,2025-06-30,B社,営業職員,40,9,3,5,批判者
CID1452,2025-10-09,B社,ネット,40,7,3,9,推奨者
CID1453,2025-10-06,C社,ネット,40,9,3,5,批判者
CID1454,2025-01-30,B社,営業職員,50,13,4,8,中立者
CID1455,2025-09-23,A社(自社),ネット,60,3,2,5,批判者
CID1456,2025-11-24,C社,営業職員,40,3,2,5,批判者
CID1457,2025-08-05,B社,営業職員,40,1,1,5,批判者
CID1458,2025-11-16,B社,ネット,40,20,5,6,批判者
CID1459,2025-04-15,A社(自社),ネット,80,2,2,3,批判者
CID1460,2025-07-03,B社,ネット,80,3,2,5,批判者
CID1461,2025-11-26,A社(自社),営業職員,60,15,4,8,中立者
CID1462,2025-05-28,B社,営業職員,40,6,3,6,批判者
CID1463,2025-04-15,A社(自社),ネット,30,13,4,7,中立者
CID1464,2025-02-16,B社,営業職員,40,1,1,5,批判者
CID1465,2025-03-28,C社,営業職員,40,20,5,5,批判者
CID1466,2025-11-05,A社(自社),ネット,50,19,5,4,批判者
CID1467,2025-05-09,C社,営業職員,60,1,1,7,中立者
CID1468,2025-09-15,B社,ネット,70,2,2,10,推奨者
CID1469,2025-11-10,C社,ネット,60,15,4,8,中立者
CID1470,2025-05-27,C社,営業職員,40,14,4,8,中立者
CID1471,2025-03-13,B社,営業職員,60,19,5,7,中立者
CID1472,2025-05-20,C社,ネット,40,11,4,9,推奨者
CID1473,2025-01-27,C社,ネット,30,15,4,7,中立者
CID1474,2025-01-29,B社,ネット,60,6,3,8,中立者
CID1475,2025-09-28,A社(自社),ネット,20,20,5,5,批判者
CID1476,2025-06-23,B社,ネット,50,9,3,5,批判者
CID1477,2025-09-10,C社,ネット,40,5,2,4,批判者
CID1478,2025-03-01,C社,営業職員,60,20,5,6,批判者
CID1479,2025-04-17,C社,営業職員,60,2,2,6,批判者
CID1480,2025-08-08,B社,営業職員,40,6,3,9,推奨者
CID1481,2025-09-16,C社,営業職員,60,18,5,7,中立者
CID1482,2025-05-26,A社(自社),営業職員,40,19,5,8,中立者
CID1483,2025-02-21,B社,営業職員,50,9,3,5,批判者
CID1484,2025-03-01,A社(自社),ネット,60,6,3,6,批判者
CID1485,2025-02-03,A社(自社),営業職員,60,14,4,7,中立者
CID1486,2025-04-06,A社(自社),営業職員,80,13,4,7,中立者
CID1487,2025-03-30,A社(自社),営業職員,40,11,4,7,中立者
CID1488,2025-11-12,B社,営業職員,60,12,4,7,中立者
CID1489,2025-08-19,A社(自社),営業職員,50,19,5,8,中立者
CID1490,2025-10-02,B社,営業職員,70,19,5,7,中立者
CID1491,2025-09-03,A社(自社),営業職員,30,19,5,6,批判者
CID1492,2025-04-21,A社(自社),ネット,60,13,4,10,推奨者
CID1493,2025-08-22,A社(自社),ネット,50,14,4,6,批判者
CID1494,2025-10-05,A社(自社),ネット,40,18,5,8,中立者
CID1495,2025-06-15,B社,ネット,50,12,4,7,中立者
CID1496,2025-05-08,B社,営業職員,40,4,2,6,批判者
CID1497,2025-08-25,B社,ネット,50,10,3,9,推奨者
CID1498,2025-10-18,B社,ネット,70,17,5,8,中立者
CID1499,2025-04-17,A社(自社),営業職員,50,4,2,1,批判者
CID1500,2025-05-08,C社,ネット,50,12,4,7,中立者
CID1501,2025-07-14,B社,営業職員,50,13,4,8,中立者
CID1502,2025-12-05,B社,ネット,30,4,2,7,中立者
CID1503,2025-05-23,A社(自社),ネット,40,10,3,7,中立者
CID1504,2025-04-21,A社(自社),営業職員,50,3,2,2,批判者
CID1505,2025-03-31,A社(自社),ネット,40,15,4,5,批判者
CID1506,2025-09-08,A社(自社),ネット,30,2,2,5,批判者
CID1507,2025-10-07,B社,ネット,50,17,5,9,推奨者
CID1508,2025-11-29,B社,営業職員,40,6,3,8,中立者
CID1509,2025-08-12,B社,ネット,40,8,3,7,中立者
CID1510,2025-04-11,C社,営業職員,50,3,2,6,批判者
CID1511,2025-05-12,C社,営業職員,30,18,5,7,中立者
CID1512,2025-01-13,C社,営業職員,70,1,1,5,批判者
CID1513,2025-04-08,C社,ネット,70,16,5,3,批判者
CID1514,2025-04-30,A社(自社),ネット,60,7,3,7,中立者
CID1515,2025-10-20,A社(自社),ネット,30,3,2,4,批判者
CID1516,2025-10-31,A社(自社),ネット,60,4,2,4,批判者
CID1517,2025-07-18,B社,営業職員,60,9,3,4,批判者
CID1518,2025-01-01,C社,営業職員,60,5,2,6,批判者
CID1519,2025-03-01,A社(自社),営業職員,30,19,5,6,批判者
CID1520,2025-09-07,C社,営業職員,50,15,4,7,中立者
CID1521,2025-05-20,A社(自社),営業職員,60,8,3,10,推奨者
CID1522,2025-05-29,C社,営業職員,50,6,3,3,批判者
CID1523,2025-02-13,A社(自社),営業職員,50,18,5,5,批判者
CID1524,2025-07-05,A社(自社),営業職員,50,19,5,6,批判者
CID1525,2025-04-18,B社,営業職員,50,15,4,9,推奨者
CID1526,2025-02-13,A社(自社),営業職員,20,7,3,4,批判者
CID1527,2025-03-19,A社(自社),ネット,50,10,3,9,推奨者
CID1528,2025-08-14,A社(自社),ネット,30,6,3,5,批判者
CID1529,2025-06-11,C社,ネット,50,14,4,6,批判者
CID1530,2025-10-08,B社,営業職員,40,17,5,6,批判者
CID1531,2025-09-10,A社(自社),営業職員,50,9,3,5,批判者
CID1532,2025-05-12,B社,ネット,30,19,5,10,推奨者
CID1533,2025-05-24,C社,営業職員,60,5,2,3,批判者
CID1534,2025-09-23,A社(自社),営業職員,60,7,3,9,推奨者
CID1535,2025-04-19,B社,営業職員,30,19,5,6,批判者
CID1536,2025-07-13,A社(自社),営業職員,30,20,5,5,批判者
CID1537,2025-02-04,A社(自社),営業職員,30,7,3,10,推奨者
CID1538,2025-10-02,B社,営業職員,70,2,2,7,中立者
CID1539,2025-07-06,A社(自社),ネット,50,16,5,7,中立者
CID1540,2025-08-31,B社,営業職員,50,13,4,8,中立者
CID1541,2025-09-21,C社,営業職員,30,8,3,4,批判者
CID1542,2025-01-10,A社(自社),ネット,50,6,3,9,推奨者
CID1543,2025-06-15,B社,営業職員,70,6,3,2,批判者
CID1544,2025-01-29,A社(自社),営業職員,60,9,3,7,中立者
CID1545,2025-09-28,C社,ネット,50,4,2,4,批判者
CID1546,2025-03-28,B社,営業職員,30,11,4,7,中立者
CID1547,2025-01-23,C社,営業職員,30,5,2,5,批判者
CID1548,2025-07-29,B社,営業職員,20,17,5,6,批判者
CID1549,2025-02-15,A社(自社),営業職員,40,20,5,6,批判者
CID1550,2025-01-28,B社,営業職員,30,7,3,5,批判者
CID1551,2025-01-26,C社,ネット,40,15,4,4,批判者
CID1552,2025-09-23,B社,営業職員,40,15,4,8,中立者
CID1553,2025-06-24,C社,営業職員,70,14,4,8,中立者
CID1554,2025-01-04,C社,営業職員,50,13,4,9,推奨者
CID1555,2025-11-07,A社(自社),営業職員,60,11,4,7,中立者
CID1556,2025-11-18,A社(自社),ネット,60,13,4,8,中立者
CID1557,2025-03-08,B社,営業職員,30,9,3,6,批判者
CID1558,2025-05-15,B社,営業職員,60,10,3,8,中立者
CID1559,2025-02-24,C社,営業職員,40,4,2,7,中立者
CID1560,2025-01-31,C社,営業職員,50,17,5,7,中立者
CID1561,2025-03-15,A社(自社),営業職員,40,14,4,6,批判者
CID1562,2025-01-19,A社(自社),ネット,80,18,5,8,中立者
CID1563,2025-06-05,C社,営業職員,40,11,4,7,中立者
CID1564,2025-12-03,A社(自社),営業職員,40,16,5,5,批判者
CID1565,2025-06-05,C社,営業職員,70,1,1,4,批判者
CID1566,2025-05-27,B社,ネット,20,7,3,7,中立者
CID1567,2025-03-28,B社,営業職員,60,10,3,9,推奨者
CID1568,2025-01-20,A社(自社),ネット,60,9,3,8,中立者
CID1569,2025-09-26,B社,ネット,60,3,2,5,批判者
CID1570,2025-11-29,B社,ネット,80,14,4,6,批判者
CID1571,2025-02-12,B社,営業職員,80,15,4,8,中立者
CID1572,2025-11-02,A社(自社),営業職員,30,2,2,4,批判者
CID1573,2025-01-28,C社,ネット,60,14,4,7,中立者
CID1574,2025-09-17,C社,ネット,50,16,5,6,批判者
CID1575,2025-01-22,A社(自社),ネット,50,7,3,8,中立者
CID1576,2025-04-11,A社(自社),営業職員,30,4,2,4,批判者
CID1577,2025-02-08,A社(自社),営業職員,60,18,5,10,推奨者
CID1578,2025-10-17,B社,営業職員,80,5,2,5,批判者
CID1579,2025-12-19,B社,ネット,70,6,3,8,中立者
CID1580,2025-10-27,B社,営業職員,50,7,3,3,批判者
CID1581,2025-06-19,A社(自社),営業職員,20,15,4,3,批判者
CID1582,2025-10-23,A社(自社),ネット,40,1,1,6,批判者
CID1583,2025-12-19,B社,営業職員,60,4,2,5,批判者
CID1584,2025-05-10,B社,ネット,60,1,1,6,批判者
CID1585,2025-06-05,C社,営業職員,50,11,4,5,批判者
CID1586,2025-03-15,A社(自社),営業職員,30,18,5,7,中立者
CID1587,2025-12-08,B社,営業職員,50,14,4,7,中立者
CID1588,2025-03-31,B社,ネット,50,11,4,8,中立者
CID1589,2025-03-08,B社,営業職員,70,10,3,8,中立者
CID1590,2025-08-24,C社,営業職員,50,17,5,5,批判者
CID1591,2025-07-19,B社,ネット,40,4,2,6,批判者
CID1592,2025-11-28,C社,営業職員,50,15,4,9,推奨者
CID1593,2025-08-15,A社(自社),営業職員,30,16,5,7,中立者
CID1594,2025-12-14,A社(自社),営業職員,80,13,4,9,推奨者
CID1595,2025-08-21,C社,営業職員,40,9,3,9,推奨者
CID1596,2025-09-23,B社,ネット,50,11,4,6,批判者
CID1597,2025-03-27,A社(自社),営業職員,40,11,4,8,中立者
CID1598,2025-04-12,A社(自社),営業職員,60,6,3,10,推奨者
CID1599,2025-08-02,A社(自社),営業職員,60,1,1,8,中立者
CID1600,2025-04-18,C社,ネット,60,6,3,7,中立者
CID1601,2025-06-14,A社(自社),営業職員,40,13,4,5,批判者
CID1602,2025-04-01,A社(自社),営業職員,40,5,2,4,批判者
CID1603,2025-07-11,A社(自社),営業職員,30,15,4,7,中立者
CID1604,2025-12-01,A社(自社),営業職員,60,18,5,10,推奨者
CID1605,2025-03-27,A社(自社),営業職員,20,20,5,8,中立者
CID1606,2025-08-10,B社,営業職員,50,14,4,9,推奨者
CID1607,2025-12-29,A社(自社),ネット,70,15,4,6,批判者
CID1608,2025-04-11,C社,営業職員,70,5,2,7,中立者
CID1609,2025-08-14,A社(自社),ネット,50,4,2,4,批判者
CID1610,2025-12-30,B社,ネット,50,2,2,9,推奨者
CID1611,2025-03-01,C社,営業職員,30,7,3,6,批判者
CID1612,2025-09-07,B社,営業職員,60,10,3,7,中立者
CID1613,2025-02-17,B社,営業職員,60,16,5,7,中立者
CID1614,2025-04-27,A社(自社),ネット,40,10,3,4,批判者
CID1615,2025-08-15,A社(自社),営業職員,50,18,5,5,批判者
CID1616,2025-12-28,B社,営業職員,60,17,5,7,中立者
CID1617,2025-02-02,C社,営業職員,70,13,4,4,批判者
CID1618,2025-02-13,B社,ネット,40,1,1,9,推奨者
CID1619,2025-06-14,B社,ネット,50,1,1,9,推奨者
CID1620,2025-12-11,C社,営業職員,30,15,4,7,中立者
CID1621,2025-10-19,B社,ネット,30,1,1,6,批判者
CID1622,2025-12-03,A社(自社),営業職員,70,6,3,10,推奨者
CID1623,2025-12-10,B社,営業職員,60,13,4,10,推奨者
CID1624,2025-10-14,C社,ネット,60,1,1,6,批判者
CID1625,2025-12-30,A社(自社),営業職員,20,5,2,6,批判者
CID1626,2025-08-13,B社,営業職員,60,9,3,6,批判者
CID1627,2025-10-13,A社(自社),営業職員,50,17,5,7,中立者
CID1628,2025-07-23,B社,ネット,40,16,5,8,中立者
CID1629,2025-06-21,A社(自社),ネット,50,8,3,6,批判者
CID1630,2025-01-12,B社,ネット,30,17,5,9,推奨者
CID1631,2025-11-03,C社,ネット,60,15,4,10,推奨者
CID1632,2025-05-01,A社(自社),営業職員,50,1,1,4,批判者
CID1633,2025-09-01,B社,営業職員,30,12,4,6,批判者
CID1634,2025-06-01,C社,営業職員,30,5,2,3,批判者
CID1635,2025-06-01,C社,営業職員,30,6,3,8,中立者
CID1636,2025-07-07,A社(自社),営業職員,30,1,1,5,批判者
CID1637,2025-01-13,A社(自社),ネット,50,1,1,4,批判者
CID1638,2025-04-01,A社(自社),営業職員,60,10,3,9,推奨者
CID1639,2025-07-19,C社,営業職員,20,10,3,9,推奨者
CID1640,2025-03-15,C社,営業職員,20,3,2,6,批判者
CID1641,2025-09-13,B社,営業職員,50,17,5,7,中立者
CID1642,2025-10-03,C社,ネット,60,19,5,7,中立者
CID1643,2025-11-24,B社,営業職員,40,11,4,9,推奨者
CID1644,2025-11-25,B社,営業職員,40,18,5,5,批判者
CID1645,2025-03-12,A社(自社),ネット,50,2,2,6,批判者
CID1646,2025-03-19,C社,営業職員,40,9,3,5,批判者
CID1647,2025-10-11,A社(自社),営業職員,20,17,5,5,批判者
CID1648,2025-05-10,C社,営業職員,60,14,4,6,批判者
CID1649,2025-02-12,C社,営業職員,50,4,2,7,中立者
CID1650,2025-01-08,C社,ネット,50,17,5,7,中立者
CID1651,2025-01-13,A社(自社),ネット,60,17,5,7,中立者
CID1652,2025-08-01,A社(自社),営業職員,60,12,4,9,推奨者
CID1653,2025-04-21,A社(自社),ネット,40,20,5,7,中立者
CID1654,2025-10-18,A社(自社),営業職員,40,18,5,5,批判者
CID1655,2025-01-23,A社(自社),営業職員,30,3,2,5,批判者
CID1656,2025-10-29,C社,営業職員,30,11,4,7,中立者
CID1657,2025-09-11,B社,営業職員,60,18,5,7,中立者
CID1658,2025-01-15,A社(自社),営業職員,70,4,2,7,中立者
CID1659,2025-05-10,A社(自社),ネット,80,17,5,6,批判者
CID1660,2025-03-02,B社,ネット,50,18,5,7,中立者
CID1661,2025-04-25,B社,営業職員,30,5,2,10,推奨者
CID1662,2025-11-16,B社,営業職員,30,14,4,8,中立者
CID1663,2025-11-04,C社,営業職員,60,10,3,7,中立者
CID1664,2025-11-21,B社,営業職員,50,15,4,6,批判者
CID1665,2025-03-08,C社,営業職員,50,1,1,5,批判者
CID1666,2025-09-06,C社,営業職員,60,16,5,6,批判者
CID1667,2025-06-24,A社(自社),ネット,60,11,4,7,中立者
CID1668,2025-12-05,C社,営業職員,60,20,5,4,批判者
CID1669,2025-01-02,A社(自社),営業職員,30,6,3,4,批判者
CID1670,2025-06-21,C社,営業職員,60,16,5,6,批判者
CID1671,2025-11-30,A社(自社),営業職員,70,2,2,8,中立者
CID1672,2025-10-11,C社,営業職員,40,1,1,6,批判者
CID1673,2025-02-23,C社,ネット,50,9,3,8,中立者
CID1674,2025-03-08,C社,営業職員,40,12,4,4,批判者
CID1675,2025-04-12,C社,ネット,80,17,5,5,批判者
CID1676,2025-04-30,A社(自社),営業職員,20,15,4,9,推奨者
CID1677,2025-07-10,A社(自社),営業職員,50,19,5,7,中立者
CID1678,2025-10-31,B社,営業職員,30,10,3,8,中立者
CID1679,2025-02-16,A社(自社),ネット,60,12,4,10,推奨者
CID1680,2025-08-10,B社,営業職員,30,14,4,5,批判者
CID1681,2025-01-21,A社(自社),ネット,40,9,3,6,批判者
CID1682,2025-06-07,C社,営業職員,50,13,4,6,批判者
CID1683,2025-12-14,B社,ネット,70,3,2,4,批判者
CID1684,2025-06-08,C社,営業職員,40,14,4,6,批判者
CID1685,2025-08-23,A社(自社),ネット,30,10,3,6,批判者
CID1686,2025-05-30,C社,営業職員,60,16,5,7,中立者
CID1687,2025-09-14,C社,ネット,50,7,3,7,中立者
CID1688,2025-06-14,B社,営業職員,70,4,2,4,批判者
CID1689,2025-03-18,B社,営業職員,30,20,5,6,批判者
CID1690,2025-03-26,C社,営業職員,50,11,4,8,中立者
CID1691,2025-02-15,A社(自社),ネット,40,16,5,6,批判者
CID1692,2025-02-16,B社,営業職員,30,20,5,7,中立者
CID1693,2025-08-01,A社(自社),ネット,60,4,2,5,批判者
CID1694,2025-02-28,A社(自社),営業職員,50,17,5,9,推奨者
CID1695,2025-02-23,A社(自社),営業職員,60,13,4,10,推奨者
CID1696,2025-12-08,A社(自社),営業職員,40,11,4,5,批判者
CID1697,2025-01-12,A社(自社),ネット,50,3,2,3,批判者
CID1698,2025-07-11,A社(自社),ネット,50,9,3,7,中立者
CID1699,2025-01-06,C社,ネット,80,6,3,6,批判者
CID1700,2025-11-05,B社,営業職員,40,11,4,6,批判者
CID1701,2025-05-24,C社,ネット,40,16,5,8,中立者
CID1702,2025-12-12,B社,ネット,40,19,5,8,中立者
CID1703,2025-09-18,A社(自社),営業職員,50,5,2,5,批判者
CID1704,2025-03-14,B社,ネット,40,14,4,9,推奨者
CID1705,2025-06-23,B社,ネット,70,17,5,7,中立者
CID1706,2025-08-20,A社(自社),ネット,40,3,2,7,中立者
CID1707,2025-09-27,B社,ネット,70,4,2,5,批判者
CID1708,2025-12-28,A社(自社),営業職員,30,16,5,7,中立者
CID1709,2025-08-10,B社,営業職員,60,16,5,9,推奨者
CID1710,2025-02-21,B社,ネット,70,4,2,4,批判者
CID1711,2025-04-26,A社(自社),営業職員,30,19,5,6,批判者
CID1712,2025-01-26,A社(自社),ネット,80,17,5,8,中立者
CID1713,2025-02-22,C社,ネット,50,13,4,8,中立者
CID1714,2025-12-31,B社,ネット,70,1,1,7,中立者
CID1715,2025-01-29,A社(自社),ネット,60,12,4,5,批判者
CID1716,2025-01-19,C社,営業職員,40,4,2,6,批判者
CID1717,2025-10-30,A社(自社),営業職員,30,11,4,8,中立者
CID1718,2025-10-06,B社,営業職員,40,5,2,3,批判者
CID1719,2025-04-27,C社,営業職員,30,2,2,4,批判者
CID1720,2025-04-16,A社(自社),営業職員,30,17,5,7,中立者
CID1721,2025-11-05,A社(自社),営業職員,30,8,3,7,中立者
CID1722,2025-08-15,A社(自社),ネット,50,6,3,6,批判者
CID1723,2025-12-18,A社(自社),ネット,60,9,3,7,中立者
CID1724,2025-07-05,A社(自社),営業職員,30,13,4,5,批判者
CID1725,2025-09-18,B社,営業職員,30,11,4,3,批判者
CID1726,2025-01-16,A社(自社),ネット,50,16,5,6,批判者
CID1727,2025-09-30,B社,営業職員,30,16,5,7,中立者
CID1728,2025-06-09,C社,営業職員,30,2,2,6,批判者
CID1729,2025-12-24,C社,営業職員,30,10,3,5,批判者
CID1730,2025-09-07,B社,営業職員,70,12,4,4,批判者
CID1731,2025-08-12,A社(自社),営業職員,60,8,3,7,中立者
CID1732,2025-09-13,B社,ネット,40,11,4,9,推奨者
CID1733,2025-06-29,B社,営業職員,60,10,3,8,中立者
CID1734,2025-01-20,B社,営業職員,50,13,4,8,中立者
CID1735,2025-04-22,A社(自社),営業職員,60,17,5,7,中立者
CID1736,2025-04-30,C社,営業職員,60,7,3,4,批判者
CID1737,2025-07-13,B社,ネット,50,3,2,7,中立者
CID1738,2025-04-21,A社(自社),ネット,40,20,5,7,中立者
CID1739,2025-07-29,A社(自社),ネット,20,13,4,6,批判者
CID1740,2025-01-01,B社,営業職員,50,19,5,3,批判者
CID1741,2025-02-27,C社,ネット,70,7,3,5,批判者
CID1742,2025-04-03,C社,ネット,50,9,3,6,批判者
CID1743,2025-08-09,C社,ネット,60,19,5,7,中立者
CID1744,2025-07-30,A社(自社),営業職員,80,13,4,10,推奨者
CID1745,2025-08-20,B社,営業職員,30,8,3,6,批判者
CID1746,2025-09-19,B社,営業職員,60,18,5,7,中立者
CID1747,2025-12-30,A社(自社),ネット,60,2,2,6,批判者
CID1748,2025-04-13,A社(自社),営業職員,80,18,5,10,推奨者
CID1749,2025-02-19,C社,営業職員,80,18,5,7,中立者
CID1750,2025-04-20,A社(自社),ネット,60,11,4,7,中立者
CID1751,2025-03-29,B社,ネット,40,1,1,7,中立者
CID1752,2025-01-20,A社(自社),ネット,60,14,4,7,中立者
CID1753,2025-01-14,A社(自社),営業職員,30,16,5,7,中立者
CID1754,2025-05-13,A社(自社),ネット,60,11,4,7,中立者
CID1755,2025-10-23,C社,営業職員,70,1,1,7,中立者
CID1756,2025-02-03,C社,営業職員,40,7,3,8,中立者
CID1757,2025-07-27,C社,営業職員,50,16,5,7,中立者
CID1758,2025-10-28,B社,営業職員,50,14,4,6,批判者
CID1759,2025-07-18,A社(自社),営業職員,50,15,4,8,中立者
CID1760,2025-03-21,B社,ネット,40,14,4,6,批判者
CID1761,2025-03-12,B社,営業職員,60,11,4,5,批判者
CID1762,2025-06-04,C社,ネット,70,16,5,7,中立者
CID1763,2025-03-19,A社(自社),営業職員,70,19,5,9,推奨者
CID1764,2025-03-19,B社,営業職員,30,17,5,5,批判者
CID1765,2025-06-21,A社(自社),営業職員,70,6,3,7,中立者
CID1766,2025-10-16,A社(自社),営業職員,60,11,4,8,中立者
CID1767,2025-02-02,C社,営業職員,40,17,5,6,批判者
CID1768,2025-10-27,B社,営業職員,30,9,3,7,中立者
CID1769,2025-10-03,A社(自社),営業職員,40,18,5,8,中立者
CID1770,2025-01-07,A社(自社),営業職員,70,17,5,8,中立者
CID1771,2025-06-09,B社,営業職員,50,12,4,6,批判者
CID1772,2025-08-28,C社,ネット,60,5,2,3,批判者
CID1773,2025-01-24,C社,営業職員,40,11,4,9,推奨者
CID1774,2025-08-02,C社,ネット,60,4,2,6,批判者
CID1775,2025-03-11,C社,ネット,20,4,2,4,批判者
CID1776,2025-08-04,A社(自社),ネット,40,3,2,6,批判者
CID1777,2025-04-14,B社,ネット,50,17,5,8,中立者
CID1778,2025-08-03,B社,営業職員,30,7,3,6,批判者
CID1779,2025-02-23,A社(自社),ネット,60,4,2,6,批判者
CID1780,2025-10-21,C社,ネット,40,13,4,5,批判者
CID1781,2025-11-26,A社(自社),営業職員,60,12,4,8,中立者
CID1782,2025-12-02,C社,営業職員,50,1,1,6,批判者
CID1783,2025-07-22,B社,営業職員,50,19,5,6,批判者
CID1784,2025-10-15,B社,ネット,30,20,5,9,推奨者
CID1785,2025-02-14,B社,ネット,20,18,5,10,推奨者
CID1786,2025-11-13,C社,営業職員,70,11,4,5,批判者
CID1787,2025-07-17,B社,営業職員,40,20,5,4,批判者
CID1788,2025-08-04,B社,営業職員,60,3,2,2,批判者
CID1789,2025-11-05,A社(自社),営業職員,80,17,5,8,中立者
CID1790,2025-11-28,B社,ネット,40,12,4,7,中立者
CID1791,2025-07-03,A社(自社),営業職員,40,10,3,7,中立者
CID1792,2025-01-27,C社,営業職員,60,8,3,6,批判者
CID1793,2025-06-15,B社,営業職員,80,15,4,4,批判者
CID1794,2025-11-14,B社,ネット,70,5,2,4,批判者
CID1795,2025-10-01,A社(自社),営業職員,50,4,2,5,批判者
CID1796,2025-12-31,A社(自社),ネット,60,20,5,7,中立者
CID1797,2025-04-13,C社,営業職員,30,19,5,6,批判者
CID1798,2025-11-29,A社(自社),営業職員,80,4,2,5,批判者
CID1799,2025-04-14,A社(自社),営業職員,80,15,4,9,推奨者
CID1800,2025-09-02,A社(自社),営業職員,30,17,5,8,中立者
CID1801,2025-11-01,C社,営業職員,40,12,4,7,中立者
CID1802,2025-06-18,C社,ネット,30,3,2,4,批判者
CID1803,2025-04-26,A社(自社),ネット,40,10,3,7,中立者
CID1804,2025-05-21,A社(自社),ネット,60,15,4,4,批判者
CID1805,2025-12-22,A社(自社),営業職員,40,10,3,8,中立者
CID1806,2025-05-05,C社,ネット,30,18,5,7,中立者
CID1807,2025-01-25,B社,営業職員,40,1,1,3,批判者
CID1808,2025-07-13,A社(自社),営業職員,80,3,2,7,中立者
CID1809,2025-04-10,A社(自社),営業職員,50,12,4,7,中立者
CID1810,2025-01-05,A社(自社),営業職員,50,1,1,6,批判者
CID1811,2025-01-19,B社,ネット,30,3,2,6,批判者
CID1812,2025-06-19,C社,営業職員,80,3,2,3,批判者
CID1813,2025-10-01,A社(自社),営業職員,60,5,2,8,中立者
CID1814,2025-09-11,A社(自社),ネット,40,19,5,6,批判者
CID1815,2025-05-01,A社(自社),営業職員,30,1,1,3,批判者
CID1816,2025-02-01,C社,営業職員,30,4,2,4,批判者
CID1817,2025-05-29,A社(自社),営業職員,30,4,2,6,批判者
CID1818,2025-09-23,C社,ネット,50,17,5,6,批判者
CID1819,2025-02-06,B社,ネット,70,14,4,10,推奨者
CID1820,2025-06-26,A社(自社),営業職員,50,18,5,7,中立者
CID1821,2025-12-08,A社(自社),営業職員,60,1,1,9,推奨者
CID1822,2025-01-13,A社(自社),営業職員,50,16,5,6,批判者
CID1823,2025-07-02,B社,ネット,60,3,2,6,批判者
CID1824,2025-05-25,C社,営業職員,60,9,3,6,批判者
CID1825,2025-09-22,B社,営業職員,30,4,2,5,批判者
CID1826,2025-03-29,B社,営業職員,40,5,2,6,批判者
CID1827,2025-02-15,A社(自社),営業職員,50,11,4,5,批判者
CID1828,2025-04-29,C社,営業職員,30,9,3,4,批判者
CID1829,2025-01-19,C社,ネット,40,3,2,3,批判者
CID1830,2025-08-08,A社(自社),営業職員,50,6,3,9,推奨者
CID1831,2025-08-21,C社,営業職員,80,11,4,7,中立者
CID1832,2025-04-04,B社,ネット,50,9,3,8,中立者
CID1833,2025-09-08,B社,ネット,60,15,4,6,批判者
CID1834,2025-09-07,C社,営業職員,50,3,2,6,批判者
CID1835,2025-10-09,C社,営業職員,60,1,1,6,批判者
CID1836,2025-08-20,B社,営業職員,50,20,5,7,中立者
CID1837,2025-02-15,A社(自社),ネット,70,19,5,5,批判者
CID1838,2025-02-15,A社(自社),営業職員,50,14,4,7,中立者
CID1839,2025-01-14,C社,ネット,50,17,5,6,批判者
CID1840,2025-03-26,A社(自社),ネット,50,14,4,5,批判者
CID1841,2025-11-15,A社(自社),営業職員,50,17,5,8,中立者
CID1842,2025-11-24,B社,営業職員,30,14,4,4,批判者
CID1843,2025-01-03,B社,営業職員,30,12,4,7,中立者
CID1844,2025-01-28,B社,営業職員,20,16,5,8,中立者
CID1845,2025-06-06,C社,営業職員,70,1,1,5,批判者
CID1846,2025-12-09,A社(自社),ネット,40,13,4,5,批判者
CID1847,2025-11-29,A社(自社),ネット,40,6,3,6,批判者
CID1848,2025-11-28,A社(自社),営業職員,60,17,5,9,推奨者
CID1849,2025-06-24,C社,ネット,40,12,4,6,批判者
CID1850,2025-04-24,B社,営業職員,50,19,5,7,中立者
CID1851,2025-11-27,A社(自社),営業職員,30,6,3,9,推奨者
CID1852,2025-09-07,C社,営業職員,80,7,3,5,批判者
CID1853,2025-02-28,C社,ネット,70,1,1,3,批判者
CID1854,2025-07-22,C社,ネット,70,1,1,7,中立者
CID1855,2025-11-11,C社,ネット,50,5,2,8,中立者
CID1856,2025-08-27,A社(自社),営業職員,60,6,3,9,推奨者
CID1857,2025-08-22,C社,営業職員,30,16,5,5,批判者
CID1858,2025-10-30,B社,営業職員,20,16,5,6,批判者
CID1859,2025-04-05,C社,営業職員,20,14,4,5,批判者
CID1860,2025-05-21,C社,ネット,50,1,1,7,中立者
CID1861,2025-11-30,C社,ネット,50,13,4,4,批判者
CID1862,2025-04-23,B社,ネット,50,20,5,8,中立者
CID1863,2025-04-19,A社(自社),営業職員,20,10,3,5,批判者
CID1864,2025-12-28,B社,営業職員,50,10,3,7,中立者
CID1865,2025-12-11,C社,営業職員,60,9,3,5,批判者
CID1866,2025-10-16,C社,営業職員,50,13,4,7,中立者
CID1867,2025-04-07,A社(自社),営業職員,60,3,2,7,中立者
CID1868,2025-12-01,A社(自社),ネット,40,18,5,5,批判者
CID1869,2025-01-16,A社(自社),ネット,60,20,5,7,中立者
CID1870,2025-02-13,C社,営業職員,50,2,2,6,批判者
CID1871,2025-08-18,C社,営業職員,40,17,5,5,批判者
CID1872,2025-04-18,A社(自社),営業職員,40,19,5,10,推奨者
CID1873,2025-08-05,B社,営業職員,50,13,4,7,中立者
CID1874,2025-09-17,C社,ネット,60,13,4,6,批判者
CID1875,2025-11-08,C社,営業職員,50,1,1,8,中立者
CID1876,2025-11-16,B社,営業職員,40,2,2,9,推奨者
CID1877,2025-07-15,B社,営業職員,70,1,1,6,批判者
CID1878,2025-04-05,B社,ネット,60,5,2,7,中立者
CID1879,2025-02-25,A社(自社),営業職員,50,3,2,4,批判者
CID1880,2025-02-01,B社,営業職員,50,7,3,6,批判者
CID1881,2025-08-19,B社,営業職員,40,13,4,6,批判者
CID1882,2025-01-09,C社,ネット,50,18,5,7,中立者
CID1883,2025-07-10,B社,ネット,40,7,3,8,中立者
CID1884,2025-12-27,C社,営業職員,80,1,1,7,中立者
CID1885,2025-07-19,A社(自社),ネット,50,5,2,5,批判者
CID1886,2025-11-30,B社,ネット,50,17,5,6,批判者
CID1887,2025-06-10,A社(自社),ネット,50,8,3,5,批判者
CID1888,2025-03-28,A社(自社),ネット,70,15,4,6,批判者
CID1889,2025-01-21,C社,ネット,60,20,5,6,批判者
CID1890,2025-11-07,C社,営業職員,50,4,2,7,中立者
CID1891,2025-03-17,A社(自社),ネット,60,2,2,4,批判者
CID1892,2025-05-21,B社,営業職員,50,5,2,4,批判者
CID1893,2025-05-06,C社,ネット,50,1,1,7,中立者
CID1894,2025-09-08,A社(自社),営業職員,30,5,2,5,批判者
CID1895,2025-03-25,B社,ネット,50,6,3,8,中立者
CID1896,2025-02-17,C社,ネット,40,2,2,6,批判者
CID1897,2025-03-19,B社,営業職員,70,1,1,6,批判者
CID1898,2025-01-30,A社(自社),ネット,40,4,2,5,批判者
CID1899,2025-10-12,A社(自社),営業職員,80,7,3,9,推奨者
CID1900,2025-05-16,C社,ネット,50,1,1,4,批判者
CID1901,2025-05-20,B社,営業職員,50,1,1,5,批判者
CID1902,2025-02-10,A社(自社),営業職員,50,8,3,6,批判者
CID1903,2025-10-09,C社,ネット,30,20,5,7,中立者
CID1904,2025-02-19,A社(自社),営業職員,40,16,5,9,推奨者
CID1905,2025-09-15,C社,ネット,30,13,4,6,批判者
CID1906,2025-11-07,A社(自社),営業職員,50,18,5,9,推奨者
CID1907,2025-12-26,C社,営業職員,50,20,5,6,批判者
CID1908,2025-09-27,A社(自社),営業職員,60,10,3,10,推奨者
CID1909,2025-05-14,A社(自社),営業職員,40,12,4,8,中立者
CID1910,2025-08-22,A社(自社),営業職員,30,1,1,5,批判者
CID1911,2025-05-08,A社(自社),営業職員,50,10,3,7,中立者
CID1912,2025-04-14,C社,営業職員,70,9,3,6,批判者
CID1913,2025-09-11,C社,営業職員,60,3,2,6,批判者
CID1914,2025-04-05,A社(自社),ネット,50,19,5,6,批判者
CID1915,2025-12-03,B社,ネット,50,9,3,7,中立者
CID1916,2025-08-05,C社,営業職員,30,10,3,9,推奨者
CID1917,2025-03-02,C社,ネット,80,19,5,6,批判者
CID1918,2025-09-25,B社,営業職員,60,16,5,8,中立者
CID1919,2025-08-29,A社(自社),ネット,40,18,5,6,批判者
CID1920,2025-01-13,B社,ネット,50,14,4,10,推奨者
CID1921,2025-05-27,B社,ネット,30,3,2,5,批判者
CID1922,2025-08-28,A社(自社),営業職員,80,2,2,7,中立者
CID1923,2025-03-30,B社,ネット,30,1,1,10,推奨者
CID1924,2025-04-05,A社(自社),営業職員,50,18,5,6,批判者
CID1925,2025-11-11,C社,ネット,40,9,3,8,中立者
CID1926,2025-10-20,A社(自社),営業職員,60,13,4,10,推奨者
CID1927,2025-01-25,B社,ネット,60,2,2,7,中立者
CID1928,2025-09-29,B社,ネット,60,7,3,5,批判者
CID1929,2025-06-15,B社,ネット,50,16,5,8,中立者
CID1930,2025-09-07,A社(自社),営業職員,70,19,5,9,推奨者
CID1931,2025-03-28,B社,ネット,30,15,4,10,推奨者
CID1932,2025-05-22,B社,営業職員,40,11,4,9,推奨者
CID1933,2025-05-14,B社,ネット,40,1,1,6,批判者
CID1934,2025-10-06,B社,営業職員,80,7,3,7,中立者
CID1935,2025-05-06,B社,営業職員,40,20,5,8,中立者
CID1936,2025-11-12,C社,営業職員,60,8,3,8,中立者
CID1937,2025-05-21,A社(自社),営業職員,60,10,3,9,推奨者
CID1938,2025-12-22,C社,営業職員,40,5,2,2,批判者
CID1939,2025-04-13,B社,営業職員,40,9,3,6,批判者
CID1940,2025-08-14,A社(自社),営業職員,40,1,1,4,批判者
CID1941,2025-03-04,A社(自社),ネット,50,2,2,6,批判者
CID1942,2025-10-21,A社(自社),ネット,40,19,5,8,中立者
CID1943,2025-11-02,C社,営業職員,20,14,4,7,中立者
CID1944,2025-09-11,C社,営業職員,70,20,5,8,中立者
CID1945,2025-06-29,C社,営業職員,80,10,3,7,中立者
CID1946,2025-02-09,B社,営業職員,40,9,3,4,批判者
CID1947,2025-09-21,B社,ネット,40,10,3,4,批判者
CID1948,2025-07-08,A社(自社),ネット,20,6,3,5,批判者
CID1949,2025-01-08,A社(自社),営業職員,60,17,5,8,中立者
CID1950,2025-04-14,B社,営業職員,60,6,3,5,批判者
CID1951,2025-08-13,A社(自社),営業職員,30,4,2,2,批判者
CID1952,2025-02-03,A社(自社),ネット,30,20,5,4,批判者
CID1953,2025-08-24,B社,ネット,60,3,2,6,批判者
CID1954,2025-08-16,C社,営業職員,50,19,5,7,中立者
CID1955,2025-07-07,C社,営業職員,20,18,5,7,中立者
CID1956,2025-11-09,C社,ネット,50,4,2,7,中立者
CID1957,2025-01-22,B社,ネット,40,8,3,6,批判者
CID1958,2025-12-09,B社,営業職員,40,17,5,8,中立者
CID1959,2025-02-09,B社,営業職員,60,5,2,5,批判者
CID1960,2025-06-22,C社,営業職員,60,13,4,8,中立者
CID1961,2025-06-28,A社(自社),営業職員,50,1,1,5,批判者
CID1962,2025-03-27,B社,営業職員,70,13,4,8,中立者
CID1963,2025-05-13,C社,営業職員,50,4,2,5,批判者
CID1964,2025-12-17,A社(自社),営業職員,60,14,4,7,中立者
CID1965,2025-01-13,B社,営業職員,50,3,2,5,批判者
CID1966,2025-01-28,B社,ネット,70,5,2,6,批判者
CID1967,2025-03-25,A社(自社),営業職員,70,7,3,9,推奨者
CID1968,2025-11-14,A社(自社),営業職員,30,1,1,4,批判者
CID1969,2025-12-15,A社(自社),営業職員,70,12,4,8,中立者
CID1970,2025-12-09,A社(自社),営業職員,60,11,4,9,推奨者
CID1971,2025-10-07,A社(自社),ネット,60,8,3,6,批判者
CID1972,2025-12-20,C社,営業職員,40,6,3,8,中立者
CID1973,2025-09-20,A社(自社),営業職員,60,2,2,9,推奨者
CID1974,2025-06-15,B社,ネット,70,19,5,8,中立者
CID1975,2025-10-20,A社(自社),営業職員,40,20,5,7,中立者
CID1976,2025-03-09,C社,ネット,80,20,5,7,中立者
CID1977,2025-08-14,A社(自社),営業職員,20,14,4,7,中立者
CID1978,2025-06-19,B社,営業職員,30,1,1,3,批判者
CID1979,2025-03-27,C社,営業職員,50,10,3,6,批判者
CID1980,2025-05-13,C社,営業職員,50,16,5,4,批判者
CID1981,2025-06-27,A社(自社),ネット,50,4,2,7,中立者
CID1982,2025-12-09,C社,ネット,20,11,4,6,批判者
CID1983,2025-09-09,B社,営業職員,80,16,5,6,批判者
CID1984,2025-01-15,B社,営業職員,20,20,5,8,中立者
CID1985,2025-08-11,A社(自社),ネット,30,1,1,5,批判者
CID1986,2025-07-20,A社(自社),ネット,20,16,5,3,批判者
CID1987,2025-04-17,C社,営業職員,50,19,5,6,批判者
CID1988,2025-09-07,B社,営業職員,70,9,3,5,批判者
CID1989,2025-03-30,B社,営業職員,60,9,3,3,批判者
CID1990,2025-05-05,C社,ネット,60,9,3,5,批判者
CID1991,2025-04-23,C社,営業職員,20,17,5,6,批判者
CID1992,2025-05-17,A社(自社),営業職員,50,12,4,6,批判者
CID1993,2025-09-04,B社,ネット,50,13,4,6,批判者
CID1994,2025-06-15,A社(自社),営業職員,50,8,3,8,中立者
CID1995,2025-05-30,C社,営業職員,30,16,5,6,批判者
CID1996,2025-12-29,B社,営業職員,60,18,5,7,中立者
CID1997,2025-12-09,C社,営業職員,50,1,1,7,中立者
CID1998,2025-03-09,A社(自社),営業職員,60,1,1,7,中立者
CID1999,2025-08-09,A社(自社),営業職員,50,12,4,7,中立者
CID2000,2025-09-28,A社(自社),営業職員,30,6,3,5,批判者
